--
-- PostgreSQL database dump
--

-- Dumped from database version 9.5.4
-- Dumped by pg_dump version 9.5.4

SET statement_timeout = 0;
SET lock_timeout = 0;
SET client_encoding = 'LATIN1';
SET standard_conforming_strings = on;
SET check_function_bodies = false;
SET client_min_messages = warning;
SET row_security = off;

--
-- Name: plpgsql; Type: EXTENSION; Schema: -; Owner: 
--

CREATE EXTENSION IF NOT EXISTS plpgsql WITH SCHEMA pg_catalog;


--
-- Name: EXTENSION plpgsql; Type: COMMENT; Schema: -; Owner: 
--

COMMENT ON EXTENSION plpgsql IS 'PL/pgSQL procedural language';


SET search_path = public, pg_catalog;

SET default_tablespace = '';

SET default_with_oids = false;

--
-- Name: connections; Type: TABLE; Schema: public; Owner: vagrant
--

CREATE TABLE connections (
    connection_id integer NOT NULL,
    follower_user_id integer,
    following_user_id integer
);


ALTER TABLE connections OWNER TO vagrant;

--
-- Name: connections_connection_id_seq; Type: SEQUENCE; Schema: public; Owner: vagrant
--

CREATE SEQUENCE connections_connection_id_seq
    START WITH 1
    INCREMENT BY 1
    NO MINVALUE
    NO MAXVALUE
    CACHE 1;


ALTER TABLE connections_connection_id_seq OWNER TO vagrant;

--
-- Name: connections_connection_id_seq; Type: SEQUENCE OWNED BY; Schema: public; Owner: vagrant
--

ALTER SEQUENCE connections_connection_id_seq OWNED BY connections.connection_id;


--
-- Name: genres; Type: TABLE; Schema: public; Owner: vagrant
--

CREATE TABLE genres (
    genre_id integer NOT NULL,
    genre character varying(20)
);


ALTER TABLE genres OWNER TO vagrant;

--
-- Name: genres_genre_id_seq; Type: SEQUENCE; Schema: public; Owner: vagrant
--

CREATE SEQUENCE genres_genre_id_seq
    START WITH 1
    INCREMENT BY 1
    NO MINVALUE
    NO MAXVALUE
    CACHE 1;


ALTER TABLE genres_genre_id_seq OWNER TO vagrant;

--
-- Name: genres_genre_id_seq; Type: SEQUENCE OWNED BY; Schema: public; Owner: vagrant
--

ALTER SEQUENCE genres_genre_id_seq OWNED BY genres.genre_id;


--
-- Name: likes; Type: TABLE; Schema: public; Owner: vagrant
--

CREATE TABLE likes (
    like_id integer NOT NULL,
    user_id integer,
    melody_id integer
);


ALTER TABLE likes OWNER TO vagrant;

--
-- Name: likes_like_id_seq; Type: SEQUENCE; Schema: public; Owner: vagrant
--

CREATE SEQUENCE likes_like_id_seq
    START WITH 1
    INCREMENT BY 1
    NO MINVALUE
    NO MAXVALUE
    CACHE 1;


ALTER TABLE likes_like_id_seq OWNER TO vagrant;

--
-- Name: likes_like_id_seq; Type: SEQUENCE OWNED BY; Schema: public; Owner: vagrant
--

ALTER SEQUENCE likes_like_id_seq OWNED BY likes.like_id;


--
-- Name: markovs; Type: TABLE; Schema: public; Owner: vagrant
--

CREATE TABLE markovs (
    markov_id integer NOT NULL,
    first_note_id integer,
    second_note_id integer,
    genre_id integer
);


ALTER TABLE markovs OWNER TO vagrant;

--
-- Name: markovs_markov_id_seq; Type: SEQUENCE; Schema: public; Owner: vagrant
--

CREATE SEQUENCE markovs_markov_id_seq
    START WITH 1
    INCREMENT BY 1
    NO MINVALUE
    NO MAXVALUE
    CACHE 1;


ALTER TABLE markovs_markov_id_seq OWNER TO vagrant;

--
-- Name: markovs_markov_id_seq; Type: SEQUENCE OWNED BY; Schema: public; Owner: vagrant
--

ALTER SEQUENCE markovs_markov_id_seq OWNED BY markovs.markov_id;


--
-- Name: melodies; Type: TABLE; Schema: public; Owner: vagrant
--

CREATE TABLE melodies (
    melody_id integer NOT NULL,
    title character varying(30),
    is_major boolean,
    key character varying(10),
    time_signature double precision,
    user_id integer
);


ALTER TABLE melodies OWNER TO vagrant;

--
-- Name: melodies_genres; Type: TABLE; Schema: public; Owner: vagrant
--

CREATE TABLE melodies_genres (
    melodygenre_id integer NOT NULL,
    melody_id integer,
    genre_id integer
);


ALTER TABLE melodies_genres OWNER TO vagrant;

--
-- Name: melodies_genres_melodygenre_id_seq; Type: SEQUENCE; Schema: public; Owner: vagrant
--

CREATE SEQUENCE melodies_genres_melodygenre_id_seq
    START WITH 1
    INCREMENT BY 1
    NO MINVALUE
    NO MAXVALUE
    CACHE 1;


ALTER TABLE melodies_genres_melodygenre_id_seq OWNER TO vagrant;

--
-- Name: melodies_genres_melodygenre_id_seq; Type: SEQUENCE OWNED BY; Schema: public; Owner: vagrant
--

ALTER SEQUENCE melodies_genres_melodygenre_id_seq OWNED BY melodies_genres.melodygenre_id;


--
-- Name: melodies_melody_id_seq; Type: SEQUENCE; Schema: public; Owner: vagrant
--

CREATE SEQUENCE melodies_melody_id_seq
    START WITH 1
    INCREMENT BY 1
    NO MINVALUE
    NO MAXVALUE
    CACHE 1;


ALTER TABLE melodies_melody_id_seq OWNER TO vagrant;

--
-- Name: melodies_melody_id_seq; Type: SEQUENCE OWNED BY; Schema: public; Owner: vagrant
--

ALTER SEQUENCE melodies_melody_id_seq OWNED BY melodies.melody_id;


--
-- Name: melody_notes; Type: TABLE; Schema: public; Owner: vagrant
--

CREATE TABLE melody_notes (
    melodynote_id integer NOT NULL,
    melody_id integer,
    note_id integer,
    sequence integer
);


ALTER TABLE melody_notes OWNER TO vagrant;

--
-- Name: melody_notes_melodynote_id_seq; Type: SEQUENCE; Schema: public; Owner: vagrant
--

CREATE SEQUENCE melody_notes_melodynote_id_seq
    START WITH 1
    INCREMENT BY 1
    NO MINVALUE
    NO MAXVALUE
    CACHE 1;


ALTER TABLE melody_notes_melodynote_id_seq OWNER TO vagrant;

--
-- Name: melody_notes_melodynote_id_seq; Type: SEQUENCE OWNED BY; Schema: public; Owner: vagrant
--

ALTER SEQUENCE melody_notes_melodynote_id_seq OWNED BY melody_notes.melodynote_id;


--
-- Name: notes; Type: TABLE; Schema: public; Owner: vagrant
--

CREATE TABLE notes (
    note_id integer NOT NULL,
    pitch character varying(3),
    octave integer,
    duration double precision
);


ALTER TABLE notes OWNER TO vagrant;

--
-- Name: notes_note_id_seq; Type: SEQUENCE; Schema: public; Owner: vagrant
--

CREATE SEQUENCE notes_note_id_seq
    START WITH 1
    INCREMENT BY 1
    NO MINVALUE
    NO MAXVALUE
    CACHE 1;


ALTER TABLE notes_note_id_seq OWNER TO vagrant;

--
-- Name: notes_note_id_seq; Type: SEQUENCE OWNED BY; Schema: public; Owner: vagrant
--

ALTER SEQUENCE notes_note_id_seq OWNED BY notes.note_id;


--
-- Name: outcomes; Type: TABLE; Schema: public; Owner: vagrant
--

CREATE TABLE outcomes (
    outcome_id integer NOT NULL,
    markov_id integer,
    note_id integer,
    weight integer
);


ALTER TABLE outcomes OWNER TO vagrant;

--
-- Name: outcomes_outcome_id_seq; Type: SEQUENCE; Schema: public; Owner: vagrant
--

CREATE SEQUENCE outcomes_outcome_id_seq
    START WITH 1
    INCREMENT BY 1
    NO MINVALUE
    NO MAXVALUE
    CACHE 1;


ALTER TABLE outcomes_outcome_id_seq OWNER TO vagrant;

--
-- Name: outcomes_outcome_id_seq; Type: SEQUENCE OWNED BY; Schema: public; Owner: vagrant
--

ALTER SEQUENCE outcomes_outcome_id_seq OWNED BY outcomes.outcome_id;


--
-- Name: users; Type: TABLE; Schema: public; Owner: vagrant
--

CREATE TABLE users (
    user_id integer NOT NULL,
    first_name character varying(30) NOT NULL,
    last_name character varying(30) NOT NULL,
    email character varying(64) NOT NULL,
    password character varying(64) NOT NULL,
    profile_img character varying(256)
);


ALTER TABLE users OWNER TO vagrant;

--
-- Name: users_user_id_seq; Type: SEQUENCE; Schema: public; Owner: vagrant
--

CREATE SEQUENCE users_user_id_seq
    START WITH 1
    INCREMENT BY 1
    NO MINVALUE
    NO MAXVALUE
    CACHE 1;


ALTER TABLE users_user_id_seq OWNER TO vagrant;

--
-- Name: users_user_id_seq; Type: SEQUENCE OWNED BY; Schema: public; Owner: vagrant
--

ALTER SEQUENCE users_user_id_seq OWNED BY users.user_id;


--
-- Name: connection_id; Type: DEFAULT; Schema: public; Owner: vagrant
--

ALTER TABLE ONLY connections ALTER COLUMN connection_id SET DEFAULT nextval('connections_connection_id_seq'::regclass);


--
-- Name: genre_id; Type: DEFAULT; Schema: public; Owner: vagrant
--

ALTER TABLE ONLY genres ALTER COLUMN genre_id SET DEFAULT nextval('genres_genre_id_seq'::regclass);


--
-- Name: like_id; Type: DEFAULT; Schema: public; Owner: vagrant
--

ALTER TABLE ONLY likes ALTER COLUMN like_id SET DEFAULT nextval('likes_like_id_seq'::regclass);


--
-- Name: markov_id; Type: DEFAULT; Schema: public; Owner: vagrant
--

ALTER TABLE ONLY markovs ALTER COLUMN markov_id SET DEFAULT nextval('markovs_markov_id_seq'::regclass);


--
-- Name: melody_id; Type: DEFAULT; Schema: public; Owner: vagrant
--

ALTER TABLE ONLY melodies ALTER COLUMN melody_id SET DEFAULT nextval('melodies_melody_id_seq'::regclass);


--
-- Name: melodygenre_id; Type: DEFAULT; Schema: public; Owner: vagrant
--

ALTER TABLE ONLY melodies_genres ALTER COLUMN melodygenre_id SET DEFAULT nextval('melodies_genres_melodygenre_id_seq'::regclass);


--
-- Name: melodynote_id; Type: DEFAULT; Schema: public; Owner: vagrant
--

ALTER TABLE ONLY melody_notes ALTER COLUMN melodynote_id SET DEFAULT nextval('melody_notes_melodynote_id_seq'::regclass);


--
-- Name: note_id; Type: DEFAULT; Schema: public; Owner: vagrant
--

ALTER TABLE ONLY notes ALTER COLUMN note_id SET DEFAULT nextval('notes_note_id_seq'::regclass);


--
-- Name: outcome_id; Type: DEFAULT; Schema: public; Owner: vagrant
--

ALTER TABLE ONLY outcomes ALTER COLUMN outcome_id SET DEFAULT nextval('outcomes_outcome_id_seq'::regclass);


--
-- Name: user_id; Type: DEFAULT; Schema: public; Owner: vagrant
--

ALTER TABLE ONLY users ALTER COLUMN user_id SET DEFAULT nextval('users_user_id_seq'::regclass);


--
-- Data for Name: connections; Type: TABLE DATA; Schema: public; Owner: vagrant
--

COPY connections (connection_id, follower_user_id, following_user_id) FROM stdin;
1	1	2
\.


--
-- Name: connections_connection_id_seq; Type: SEQUENCE SET; Schema: public; Owner: vagrant
--

SELECT pg_catalog.setval('connections_connection_id_seq', 1, true);


--
-- Data for Name: genres; Type: TABLE DATA; Schema: public; Owner: vagrant
--

COPY genres (genre_id, genre) FROM stdin;
1	Celtic
\.


--
-- Name: genres_genre_id_seq; Type: SEQUENCE SET; Schema: public; Owner: vagrant
--

SELECT pg_catalog.setval('genres_genre_id_seq', 1, true);


--
-- Data for Name: likes; Type: TABLE DATA; Schema: public; Owner: vagrant
--

COPY likes (like_id, user_id, melody_id) FROM stdin;
\.


--
-- Name: likes_like_id_seq; Type: SEQUENCE SET; Schema: public; Owner: vagrant
--

SELECT pg_catalog.setval('likes_like_id_seq', 1, false);


--
-- Data for Name: markovs; Type: TABLE DATA; Schema: public; Owner: vagrant
--

COPY markovs (markov_id, first_note_id, second_note_id, genre_id) FROM stdin;
1	1	2	1
2	2	3	1
3	3	3	1
4	3	4	1
5	4	2	1
6	3	5	1
7	5	2	1
8	3	6	1
9	6	7	1
10	7	7	1
11	7	1	1
12	2	8	1
13	8	1	1
14	1	8	1
15	8	2	1
16	2	6	1
17	7	2	1
18	2	4	1
19	4	4	1
20	4	3	1
21	2	9	1
22	9	10	1
23	10	1	1
24	3	9	1
25	9	11	1
26	11	12	1
27	12	9	1
28	9	9	1
29	9	13	1
30	13	12	1
31	9	1	1
32	1	10	1
33	10	10	1
34	10	9	1
35	12	14	1
36	14	13	1
37	13	14	1
38	14	12	1
39	14	14	1
40	12	11	1
41	11	9	1
42	10	12	1
43	11	10	1
44	10	5	1
45	5	1	1
46	10	4	1
47	1	9	1
48	3	2	1
49	2	1	1
50	1	3	1
51	9	2	1
52	9	12	1
53	9	5	1
54	5	9	1
55	3	15	1
56	15	3	1
57	6	16	1
58	16	17	1
59	17	3	1
60	1	5	1
61	1	4	1
62	4	1	1
63	3	8	1
64	8	5	1
65	4	8	1
66	8	3	1
67	8	4	1
68	6	3	1
69	9	14	1
70	14	11	1
71	2	5	1
72	1	14	1
73	11	1	1
74	1	11	1
75	1	1	1
76	14	8	1
77	8	8	1
78	8	14	1
79	11	5	1
80	5	18	1
81	18	1	1
82	5	8	1
83	8	19	1
84	19	6	1
85	6	4	1
86	1	19	1
87	19	1	1
88	4	6	1
89	6	6	1
90	6	19	1
91	8	20	1
92	20	20	1
93	20	19	1
94	1	18	1
95	4	19	1
96	18	11	1
97	11	14	1
98	14	9	1
99	19	4	1
100	18	5	1
101	18	10	1
102	9	18	1
103	18	18	1
104	11	11	1
105	11	18	1
106	18	9	1
107	8	18	1
108	9	4	1
109	4	9	1
110	4	18	1
111	20	6	1
112	6	15	1
113	15	19	1
114	19	19	1
115	19	3	1
116	4	21	1
117	21	8	1
118	8	21	1
119	21	4	1
120	3	19	1
121	19	15	1
122	3	20	1
123	20	15	1
124	19	8	1
125	18	8	1
126	11	22	1
127	22	9	1
128	1	21	1
129	21	3	1
130	23	24	1
131	24	20	1
132	20	23	1
133	23	25	1
134	25	21	1
135	8	25	1
136	25	18	1
137	18	26	1
138	26	27	1
139	27	21	1
140	3	27	1
141	26	1	1
142	1	27	1
143	1	26	1
144	26	18	1
145	26	8	1
146	25	23	1
147	18	3	1
148	3	25	1
149	25	8	1
150	21	25	1
151	25	3	1
152	3	21	1
153	21	9	1
154	9	26	1
155	18	28	1
156	28	18	1
157	21	2	1
158	8	29	1
159	29	1	1
160	27	8	1
161	21	21	1
162	26	9	1
163	8	11	1
164	5	22	1
165	18	14	1
166	18	4	1
167	22	14	1
168	3	1	1
169	4	7	1
170	7	6	1
171	4	10	1
172	10	11	1
173	5	10	1
174	15	6	1
175	15	7	1
176	7	3	1
177	3	7	1
178	7	4	1
179	1	29	1
180	29	5	1
181	16	6	1
182	6	2	1
183	1	6	1
184	15	20	1
185	15	8	1
186	5	11	1
187	5	5	1
188	8	26	1
189	21	15	1
190	15	15	1
191	6	20	1
192	20	16	1
193	16	3	1
194	20	8	1
195	16	20	1
196	20	3	1
197	21	19	1
198	19	21	1
199	2	2	1
200	5	4	1
201	4	5	1
202	4	29	1
203	1	30	1
204	30	2	1
205	10	31	1
206	31	5	1
207	5	31	1
208	31	31	1
209	31	1	1
210	4	11	1
211	11	4	1
212	4	31	1
213	31	4	1
214	2	30	1
215	30	5	1
216	11	31	1
217	31	18	1
218	8	15	1
219	8	9	1
220	8	6	1
221	9	8	1
222	1	7	1
223	11	13	1
224	13	2	1
225	4	15	1
226	17	16	1
227	3	17	1
228	7	15	1
229	3	10	1
230	19	20	1
231	20	32	1
232	32	33	1
233	33	20	1
234	20	4	1
235	6	21	1
236	19	18	1
237	5	14	1
238	1	12	1
239	12	13	1
240	25	19	1
241	25	20	1
242	20	24	1
243	24	23	1
244	21	27	1
245	25	25	1
246	9	28	1
247	28	26	1
248	18	21	1
249	8	27	1
250	27	19	1
251	19	27	1
252	8	23	1
253	23	8	1
254	21	24	1
255	24	21	1
256	27	26	1
257	23	19	1
258	3	23	1
259	23	27	1
260	19	23	1
261	23	3	1
262	25	26	1
263	8	28	1
264	18	25	1
265	18	27	1
266	27	18	1
267	26	21	1
268	26	28	1
269	28	9	1
270	26	26	1
271	24	32	1
272	32	24	1
273	20	25	1
274	6	17	1
275	6	9	1
276	17	33	1
277	33	16	1
278	20	33	1
279	33	33	1
280	33	17	1
281	17	17	1
282	17	20	1
283	20	9	1
284	34	25	1
285	25	34	1
286	28	25	1
287	19	25	1
288	25	24	1
289	24	25	1
290	32	34	1
291	28	8	1
292	26	25	1
293	23	26	1
294	32	20	1
295	20	34	1
296	34	8	1
297	27	23	1
298	21	1	1
299	21	18	1
300	21	26	1
301	23	6	1
302	6	23	1
303	6	32	1
304	32	6	1
305	6	26	1
306	23	23	1
307	32	32	1
308	32	23	1
309	26	23	1
310	21	23	1
311	28	21	1
312	19	24	1
313	24	19	1
314	25	27	1
315	23	20	1
316	3	16	1
317	15	4	1
318	4	30	1
319	15	35	1
320	35	33	1
321	33	4	1
322	5	3	1
323	3	18	1
324	18	2	1
325	9	3	1
326	25	28	1
327	19	36	1
328	36	15	1
329	36	3	1
330	20	21	1
331	31	11	1
332	5	15	1
333	29	29	1
334	29	4	1
335	23	21	1
336	27	20	1
337	28	3	1
338	3	26	1
339	9	24	1
340	8	24	1
341	24	27	1
342	15	2	1
343	5	29	1
344	18	12	1
345	4	25	1
346	19	32	1
347	32	21	1
348	21	6	1
349	20	26	1
350	18	19	1
351	19	7	1
352	3	30	1
353	30	4	1
354	4	37	1
355	37	2	1
356	2	11	1
357	20	1	1
358	1	13	1
359	13	1	1
360	12	1	1
361	33	38	1
362	38	33	1
363	6	8	1
364	6	1	1
365	5	21	1
366	21	5	1
367	1	20	1
368	20	17	1
369	33	36	1
370	36	20	1
371	33	19	1
372	32	17	1
373	17	36	1
374	19	9	1
375	6	10	1
376	6	5	1
377	29	2	1
378	6	18	1
379	17	38	1
380	38	17	1
381	10	19	1
382	8	10	1
383	24	6	1
384	20	5	1
385	36	18	1
386	23	32	1
387	26	3	1
388	21	28	1
389	28	28	1
390	27	1	1
391	34	20	1
392	14	22	1
393	22	28	1
394	2	37	1
395	29	11	1
396	32	3	1
397	19	5	1
398	9	6	1
399	1	28	1
400	23	9	1
401	10	6	1
402	6	29	1
403	11	2	1
404	2	31	1
405	17	19	1
406	11	8	1
407	10	8	1
408	6	33	1
409	33	6	1
410	23	28	1
411	21	32	1
412	9	22	1
413	22	26	1
414	28	1	1
415	19	28	1
416	2	19	1
417	3	35	1
418	35	15	1
419	35	3	1
420	35	4	1
421	35	6	1
422	35	10	1
423	29	3	1
424	35	35	1
425	2	21	1
426	20	18	1
427	8	32	1
428	29	8	1
429	26	19	1
430	4	20	1
431	1	15	1
432	32	19	1
433	3	11	1
434	27	25	1
435	27	3	1
436	9	21	1
437	8	39	1
438	39	14	1
439	14	28	1
440	24	34	1
441	34	36	1
442	36	25	1
443	24	18	1
444	25	22	1
445	22	11	1
446	22	40	1
447	40	26	1
448	26	40	1
449	25	41	1
450	41	23	1
451	34	27	1
452	27	22	1
453	40	22	1
454	22	39	1
455	39	22	1
456	28	40	1
457	40	18	1
458	8	40	1
459	21	41	1
460	41	25	1
461	28	27	1
462	15	1	1
463	2	10	1
464	5	42	1
465	42	5	1
466	26	5	1
467	19	26	1
468	17	34	1
469	34	17	1
470	17	7	1
471	3	36	1
472	7	33	1
473	33	7	1
474	7	36	1
475	7	17	1
476	3	33	1
477	33	3	1
478	36	7	1
479	9	19	1
480	10	3	1
481	18	36	1
482	36	8	1
483	10	43	1
484	43	10	1
485	14	1	1
486	17	2	1
487	27	27	1
488	9	25	1
489	23	34	1
490	34	23	1
491	27	28	1
492	18	22	1
493	30	3	1
494	15	9	1
495	25	4	1
496	3	28	1
497	18	23	1
498	36	33	1
499	15	21	1
500	34	34	1
501	24	24	1
502	2	18	1
503	15	17	1
504	7	9	1
505	21	20	1
506	23	18	1
507	15	16	1
508	16	33	1
509	32	1	1
510	32	18	1
511	27	24	1
512	27	32	1
513	7	10	1
514	17	6	1
515	10	2	1
516	2	20	1
517	5	7	1
518	19	41	1
519	27	4	1
520	41	6	1
521	23	16	1
522	34	24	1
523	18	40	1
524	22	22	1
525	26	22	1
526	22	21	1
527	35	7	1
528	6	35	1
529	35	1	1
530	22	1	1
531	36	19	1
532	19	11	1
533	5	19	1
534	15	5	1
535	6	30	1
536	2	29	1
537	18	32	1
538	36	36	1
539	36	17	1
540	33	32	1
541	17	4	1
542	17	32	1
543	18	24	1
544	26	20	1
545	28	23	1
546	7	5	1
547	29	9	1
548	22	18	1
549	23	4	1
550	20	36	1
551	4	23	1
552	16	18	1
553	14	2	1
554	26	14	1
555	10	26	1
556	21	12	1
557	12	10	1
558	28	22	1
559	2	15	1
560	25	32	1
561	20	2	1
562	36	1	1
563	22	5	1
564	2	7	1
565	18	20	1
566	5	6	1
567	8	16	1
568	16	2	1
569	23	15	1
570	18	15	1
571	15	26	1
572	12	12	1
573	23	2	1
574	23	1	1
575	1	25	1
576	21	22	1
577	1	23	1
578	13	3	1
579	8	34	1
580	24	3	1
581	3	24	1
582	25	9	1
583	19	33	1
584	9	15	1
585	28	34	1
586	26	17	1
587	8	12	1
588	19	2	1
589	4	32	1
590	19	17	1
591	17	15	1
592	15	36	1
593	17	1	1
594	9	7	1
595	21	44	1
596	44	19	1
597	19	45	1
598	45	15	1
599	4	36	1
600	3	32	1
601	25	1	1
602	3	29	1
603	36	34	1
604	24	41	1
605	41	19	1
606	25	40	1
607	34	32	1
608	32	46	1
609	46	36	1
610	36	46	1
611	46	23	1
612	23	41	1
613	41	20	1
614	15	47	1
615	47	15	1
616	42	10	1
617	15	29	1
618	29	15	1
619	29	6	1
620	15	30	1
621	7	30	1
622	30	7	1
623	29	30	1
624	29	10	1
625	31	10	1
626	30	15	1
627	15	18	1
628	14	18	1
629	2	12	1
630	34	26	1
631	16	16	1
632	7	8	1
633	12	48	1
634	48	13	1
635	9	29	1
636	1	22	1
637	9	17	1
638	4	17	1
639	1	42	1
640	6	47	1
641	22	4	1
642	33	8	1
643	9	32	1
644	3	14	1
645	14	4	1
646	8	22	1
647	8	7	1
648	32	15	1
649	29	35	1
650	10	14	1
651	2	17	1
652	10	29	1
653	22	13	1
654	13	9	1
655	30	19	1
656	15	32	1
657	17	8	1
658	7	19	1
659	32	25	1
660	21	17	1
661	34	33	1
662	4	26	1
663	3	12	1
664	12	3	1
665	11	3	1
666	14	3	1
667	3	13	1
668	26	4	1
669	28	6	1
670	36	32	1
671	32	4	1
672	2	25	1
673	18	16	1
674	11	21	1
675	10	7	1
676	21	36	1
677	11	23	1
678	3	22	1
679	18	6	1
680	30	29	1
681	13	13	1
682	5	20	1
683	36	4	1
684	26	11	1
685	19	22	1
686	15	33	1
687	33	15	1
688	20	7	1
689	2	28	1
690	10	42	1
691	42	2	1
692	25	10	1
693	4	33	1
694	17	21	1
695	7	38	1
696	1	32	1
697	34	28	1
698	6	11	1
699	4	14	1
700	12	5	1
701	27	15	1
702	15	27	1
703	21	11	1
704	28	4	1
705	22	3	1
706	6	36	1
707	27	9	1
708	33	2	1
709	5	33	1
710	10	18	1
711	11	30	1
712	31	30	1
713	34	46	1
714	46	21	1
715	41	21	1
716	32	41	1
717	19	46	1
718	46	32	1
719	41	34	1
720	32	27	1
721	9	20	1
722	28	24	1
723	28	32	1
724	26	34	1
725	13	48	1
726	13	10	1
727	35	29	1
728	26	32	1
729	6	50	1
730	50	32	1
731	17	23	1
732	27	2	1
733	27	5	1
734	26	2	1
735	19	34	1
736	24	36	1
737	20	41	1
738	41	3	1
739	46	20	1
740	40	28	1
741	28	5	1
742	1	17	1
743	36	9	1
744	30	30	1
745	25	15	1
746	20	35	1
\.


--
-- Name: markovs_markov_id_seq; Type: SEQUENCE SET; Schema: public; Owner: vagrant
--

SELECT pg_catalog.setval('markovs_markov_id_seq', 746, true);


--
-- Data for Name: melodies; Type: TABLE DATA; Schema: public; Owner: vagrant
--

COPY melodies (melody_id, title, is_major, key, time_signature, user_id) FROM stdin;
\.


--
-- Data for Name: melodies_genres; Type: TABLE DATA; Schema: public; Owner: vagrant
--

COPY melodies_genres (melodygenre_id, melody_id, genre_id) FROM stdin;
\.


--
-- Name: melodies_genres_melodygenre_id_seq; Type: SEQUENCE SET; Schema: public; Owner: vagrant
--

SELECT pg_catalog.setval('melodies_genres_melodygenre_id_seq', 1, false);


--
-- Name: melodies_melody_id_seq; Type: SEQUENCE SET; Schema: public; Owner: vagrant
--

SELECT pg_catalog.setval('melodies_melody_id_seq', 1, false);


--
-- Data for Name: melody_notes; Type: TABLE DATA; Schema: public; Owner: vagrant
--

COPY melody_notes (melodynote_id, melody_id, note_id, sequence) FROM stdin;
\.


--
-- Name: melody_notes_melodynote_id_seq; Type: SEQUENCE SET; Schema: public; Owner: vagrant
--

SELECT pg_catalog.setval('melody_notes_melodynote_id_seq', 1, false);


--
-- Data for Name: notes; Type: TABLE DATA; Schema: public; Owner: vagrant
--

COPY notes (note_id, pitch, octave, duration) FROM stdin;
1	E	5	\N
2	C#	5	\N
3	A	4	\N
4	B	4	\N
5	F#	5	\N
6	E	4	\N
7	G#	4	\N
8	D	5	\N
9	A	5	\N
10	G#	5	\N
11	B	5	\N
12	C#	6	\N
13	E	6	\N
14	D	6	\N
15	F#	4	\N
16	C#	4	\N
17	A	3	\N
18	G	5	\N
19	G	4	\N
20	D	4	\N
21	C	5	\N
22	C	6	\N
23	F	4	\N
24	E-	4	\N
25	B-	4	\N
26	F	5	\N
27	E-	5	\N
28	B-	5	\N
29	D#	5	\N
30	A#	4	\N
31	A#	5	\N
32	C	4	\N
33	B	3	\N
34	B-	3	\N
35	D#	4	\N
36	G	3	\N
37	B#	4	\N
38	G#	3	\N
39	E-	6	\N
40	A-	5	\N
41	A-	4	\N
42	E#	5	\N
43	F##	5	\N
44	F##	4	\N
45	G-	4	\N
46	A-	3	\N
47	E#	4	\N
48	D#	6	\N
49	F	6	\N
50	D-	4	\N
\.


--
-- Name: notes_note_id_seq; Type: SEQUENCE SET; Schema: public; Owner: vagrant
--

SELECT pg_catalog.setval('notes_note_id_seq', 50, true);


--
-- Data for Name: outcomes; Type: TABLE DATA; Schema: public; Owner: vagrant
--

COPY outcomes (outcome_id, markov_id, note_id, weight) FROM stdin;
76	20	3	238
7	6	2	1
3779	111	21	2
3780	161	20	2
12	10	1	1
3801	63	6	2
145	74	9	35
3793	159	42	2
22	16	7	13
165	83	6	3
46	34	11	108
130	4	3	485
88	51	1	38
3782	248	5	1
5	5	3	259
116	24	10	27
3800	407	9	1
42	28	1	32
85	50	2	120
151	76	8	3
3808	664	11	2
3784	18	20	1
8	7	3	4
3794	465	9	1
172	88	6	118
90	52	11	16
73	34	1	176
44	32	10	13
97	45	2	405
147	73	1	26
38	28	11	55
3785	88	1	2
72	32	9	76
3788	15	7	1
3789	564	7	1
3787	10	7	2
3786	177	7	9
91	41	5	157
51	37	13	1
71	45	10	38
54	37	14	1
3790	77	28	2
60	33	12	1
61	42	11	1
3791	119	26	1
3792	662	9	1
129	2	4	297
3797	382	4	9
63	30	14	1
52	37	12	3
49	36	12	3
3799	33	8	2
43	31	10	26
6	3	5	46
3796	407	10	7
3802	325	5	3
119	20	8	115
39	28	13	2
41	30	9	9
155	79	18	11
167	85	1	13
142	28	9	67
3804	11	5	2
176	14	20	12
55	39	12	4
3783	366	18	2
23	10	2	3
13	11	2	2
96	53	1	317
175	87	8	32
77	13	10	21
171	61	6	7
3807	664	9	4
35	25	12	44
89	47	12	34
114	48	4	253
107	60	1	415
146	25	1	20
105	59	2	9
170	87	4	5
58	41	10	119
144	73	11	10
101	56	6	85
121	64	2	15
157	81	8	498
40	29	12	3
74	32	4	12
3781	505	15	4
53	38	14	3
133	47	14	1
132	68	2	153
37	27	9	16
160	20	9	75
64	27	11	9
11	9	7	6
68	28	10	43
111	62	3	16
139	45	14	1
87	47	2	51
148	75	14	4
59	22	10	8
48	35	13	8
154	25	5	13
25	18	4	60
95	47	5	86
34	24	11	10
153	78	11	3
143	70	1	6
169	86	1	7
141	70	10	6
66	43	9	56
14	5	8	607
173	89	19	40
152	77	14	3
122	7	1	30
24	17	4	6
29	21	10	11
3803	177	1	3
161	24	5	57
65	25	10	47
164	77	19	8
134	69	11	11
67	34	9	24
110	61	1	47
112	50	3	93
115	56	9	8
149	41	14	6
168	62	19	6
94	31	9	54
150	69	8	3
3798	46	7	3
104	58	3	10
128	67	2	135
3811	644	3	4
137	51	5	6
125	66	2	27
3813	666	12	2
123	61	8	18
28	15	9	10
118	34	5	192
50	36	14	7
47	26	14	17
3812	666	11	2
9	3	6	9
135	70	12	2
140	72	11	5
18	14	1	388
3795	171	8	6
109	49	4	20
222	103	9	85
298	139	3	118
314	102	3	3
3827	461	26	1
186	96	14	1
166	84	4	12
333	128	4	79
3835	81	29	3
300	140	21	16
3818	132	6	2
3829	291	18	1
3833	82	19	2
251	116	8	489
185	94	11	18
268	115	15	157
306	142	21	10
280	102	11	41
235	103	5	97
256	119	21	384
200	81	2	124
263	121	3	204
337	158	1	22
4144	83	20	1
228	21	9	10
3805	325	12	6
286	129	15	117
274	25	22	25
3844	479	19	1
299	129	27	7
213	106	5	268
229	28	4	1
231	109	2	1
324	118	9	15
204	80	10	5
236	100	9	176
290	132	25	131
202	12	8	105
3828	263	8	3
247	113	19	77
315	147	25	2
3820	188	4	3
4146	124	26	1
206	34	18	16
203	77	5	154
197	64	18	178
288	130	20	88
344	161	25	24
3821	668	18	1
348	107	8	122
340	143	27	9
305	141	27	15
345	159	26	3
211	104	18	8
3809	433	3	4
3836	303	34	1
3810	665	14	4
3832	94	3	2
241	60	9	175
3831	163	10	1
3843	669	19	1
238	54	18	231
253	67	8	334
177	91	20	40
183	95	6	93
284	81	21	166
343	118	21	38
3822	245	27	1
351	82	5	235
3830	148	9	2
330	107	28	13
181	94	1	109
336	12	29	16
338	159	18	7
281	54	9	51
208	80	18	79
3806	663	3	10
3823	410	26	1
205	101	9	5
3838	399	9	3
327	143	8	102
3816	578	12	2
287	114	19	263
3814	664	13	4
209	103	11	20
215	100	1	822
221	103	18	103
3815	667	3	4
312	135	23	68
3817	578	8	2
210	96	11	13
322	152	8	77
3840	346	34	1
3824	162	25	1
297	138	21	41
239	102	5	667
271	124	1	20
334	116	2	11
190	67	4	188
283	107	5	207
3825	488	21	1
189	98	5	19
3841	154	25	1
3826	491	27	1
192	65	4	196
313	146	24	22
347	162	26	74
335	157	8	14
258	99	21	123
188	69	9	4
184	84	6	70
3819	81	19	3
294	135	18	11
180	62	18	19
3834	83	21	10
219	14	18	94
4143	561	4	2
3839	387	8	1
291	133	21	36
3837	117	28	2
279	41	18	351
276	127	18	11
289	131	23	51
3842	155	6	1
332	156	5	2
223	80	11	105
230	108	9	3
254	65	21	166
4142	122	2	1
350	163	18	12
179	93	6	23
301	129	9	12
331	155	18	36
225	47	9	105
252	117	4	138
278	82	1	396
191	4	8	370
346	143	9	60
310	137	8	159
33	3	9	22
308	143	18	187
257	117	1	410
285	128	3	98
198	80	5	490
259	116	4	218
178	92	19	25
4145	174	23	1
182	4	19	409
234	110	18	9
232	28	18	96
302	24	18	25
233	67	18	112
341	138	8	152
196	65	5	68
460	75	1	153
507	124	8	27
398	31	5	109
445	181	2	1
3871	66	23	1
358	105	14	2
359	165	11	2
3850	3	36	1
353	53	22	3
424	15	5	14
467	68	7	9
3865	120	17	1
3866	590	17	1
3851	471	36	1
3852	538	32	1
3853	670	3	1
3854	396	4	1
374	127	14	1
360	70	9	5
375	41	4	1
472	50	4	27
378	163	22	1
443	176	6	27
401	3	1	75
452	24	3	27
501	114	8	70
503	125	8	34
368	67	21	184
3856	28	32	1
3846	245	18	4
417	178	7	33
3857	643	4	1
454	177	6	56
386	168	3	129
415	176	7	22
362	82	18	74
414	175	3	87
3858	671	3	1
406	62	11	1
388	49	8	161
470	18	7	38
412	18	2	169
379	126	14	8
458	32	5	70
488	186	18	24
427	20	2	180
483	55	8	48
498	93	19	104
448	63	4	115
3882	47	13	1
410	174	3	56
449	178	1	47
3868	353	37	3
422	178	3	100
436	22	11	38
390	88	3	12
480	89	2	30
500	119	19	235
451	2	2	231
69	22	5	187
510	119	8	151
3845	292	25	2
391	2	9	28
3847	264	25	2
3886	360	13	2
441	179	5	41
3848	151	15	1
3881	403	9	4
356	105	5	60
484	185	5	14
3872	15	25	1
3849	147	8	1
476	184	15	156
366	117	18	57
389	19	6	5
411	68	3	100
497	184	19	48
475	55	20	311
482	66	4	150
354	164	9	4
3873	672	3	1
3874	151	9	1
3880	163	2	3
364	103	4	9
404	173	9	289
491	75	18	39
432	176	2	92
373	96	22	6
396	171	11	2
444	57	6	60
381	70	14	3
402	168	11	4
481	182	8	40
430	4	6	72
3875	387	28	1
408	62	8	97
82	3	2	120
468	65	2	149
489	81	1	52
462	49	11	10
431	88	15	33
499	120	3	231
469	47	1	77
3855	109	9	2
473	12	3	166
3859	28	21	1
465	45	6	6
463	79	1	8
3860	20	23	2
377	117	11	2
3876	94	16	1
395	19	10	19
382	97	11	2
405	19	1	41
502	124	18	39
447	68	8	18
369	117	5	20
357	96	18	112
3863	99	7	2
487	53	11	55
474	66	15	254
3877	673	3	1
3864	82	6	1
413	112	7	89
496	121	20	133
363	105	18	42
3862	353	6	3
400	12	5	226
425	15	4	587
506	124	4	48
376	108	21	2
450	62	2	23
479	113	6	72
3870	195	2	1
3878	193	2	1
3879	49	28	1
434	67	9	6
418	169	3	113
3861	172	5	4
456	5	4	174
421	169	4	89
477	123	3	311
461	75	2	58
464	173	11	23
508	77	18	80
3883	29	9	1
407	67	1	82
3884	654	11	1
455	176	3	49
416	177	4	88
457	18	9	4
495	114	15	73
3885	360	9	4
442	180	1	49
419	176	4	169
3888	73	13	2
520	189	15	1
556	120	4	179
529	181	19	15
551	116	19	23
575	186	11	13
156	80	1	588
4147	253	8	1
547	63	8	152
267	95	3	291
578	60	31	2
1507	173	1	75
512	129	19	181
555	199	8	13
522	56	21	29
580	208	1	2
581	209	30	2
585	212	4	2
571	205	5	6
3893	445	14	1
515	80	8	246
4149	193	7	2
602	218	3	41
99	20	15	574
565	159	5	137
553	198	2	1
554	157	2	1
637	50	8	30
595	216	18	1
596	217	5	1
657	16	16	3
3892	412	22	2
559	82	21	74
582	200	11	5
655	18	15	10
493	64	8	323
560	200	4	36
650	172	13	4
634	12	6	10
620	75	3	11
265	122	15	119
589	205	1	2
590	209	2	2
592	214	5	2
604	114	21	49
624	81	9	85
567	62	30	3
539	115	19	226
645	178	6	36
616	65	1	336
106	49	5	168
563	200	29	14
611	84	3	41
530	90	15	60
4154	49	6	1
4211	111	7	8
584	211	31	3
599	102	4	9
519	118	15	2
614	114	4	172
640	221	5	70
528	84	16	20
586	213	5	1
663	56	7	8
1680	125	18	162
593	215	11	1
2033	35	9	6
573	45	30	6
564	202	1	20
587	200	5	24
636	182	4	11
642	46	1	2
3887	359	10	2
561	19	5	16
3895	13	20	1
3896	518	19	2
517	188	8	52
653	65	11	12
527	191	6	99
630	200	8	28
270	113	8	17
218	60	18	989
631	65	9	7
532	192	3	4
537	194	1	17
635	220	2	9
246	112	19	252
549	14	8	177
659	226	6	52
524	56	19	116
601	124	15	5
619	187	9	25
577	179	1	139
608	3	21	47
438	73	10	35
3891	54	22	5
558	3	19	105
605	198	3	39
632	219	10	2
3889	163	21	1
92	53	9	73
3890	674	9	1
3894	184	2	4
594	186	31	2
591	1	30	4
576	104	5	8
662	2	15	57
518	145	21	119
3897	605	24	4
656	225	7	7
579	207	31	3
260	119	3	490
574	60	11	11
643	62	7	4
625	75	9	25
641	54	10	50
245	111	15	202
617	60	5	39
658	58	16	4
570	173	31	9
3867	91	8	5
545	92	3	36
540	184	16	16
610	120	6	203
2978	61	4	12
588	201	1	25
365	166	21	21
622	28	5	69
623	103	1	69
607	63	1	108
3	3	4	343
639	54	8	54
531	191	16	53
505	120	19	170
521	190	3	44
4153	246	1	2
572	206	1	5
533	193	19	2
613	197	3	29
568	203	2	11
612	68	4	67
237	54	5	190
644	222	4	3
217	13	5	1199
566	60	4	35
4148	293	1	2
513	100	5	31
541	192	20	26
4212	260	34	1
800	148	23	32
763	117	3	25
675	5	6	9
3906	173	8	2
3916	327	32	1
3923	301	8	8
753	240	3	28
711	77	3	73
765	107	26	39
682	232	20	22
756	241	24	6
716	45	3	46
3912	670	6	2
674	2	8	86
792	255	25	2
762	148	21	213
680	230	32	10
748	19	19	26
710	112	6	81
3918	590	20	1
796	249	26	71
691	235	3	16
747	99	4	54
776	106	28	109
3919	282	23	1
715	6	1	72
704	198	21	23
669	177	15	64
770	152	25	118
3904	480	1	1
684	93	15	51
774	188	18	56
769	244	8	45
3920	576	11	1
113	3	3	295
670	228	6	53
707	99	1	44
3907	407	4	5
722	13	3	49
3903	382	3	2
813	120	23	137
761	151	25	213
718	113	18	19
737	94	9	66
668	227	16	10
721	45	9	69
733	219	18	50
714	66	5	28
795	149	27	25
793	137	9	31
764	66	25	9
672	1	9	53
697	63	2	141
676	20	10	10
3898	229	11	1
758	243	25	4
803	135	3	89
688	191	4	30
3905	480	5	6
671	174	7	16
720	20	20	33
3899	173	7	1
781	80	21	3
731	40	18	4
738	106	12	1
740	239	14	1
725	53	14	2
683	233	19	69
727	38	9	6
3900	675	7	1
810	258	19	35
3908	46	18	1
3909	110	2	1
797	256	18	31
767	150	21	59
3931	257	19	4
814	260	3	19
736	49	18	38
788	252	8	7
3910	324	10	1
3911	463	9	1
807	139	25	31
3902	125	10	4
3924	20	22	1
773	117	26	50
349	125	11	9
685	174	19	34
755	148	20	2
3914	118	36	1
735	61	18	5
766	116	25	11
804	151	23	85
802	253	25	38
3901	292	27	4
3932	500	8	2
724	78	9	4
712	66	8	141
809	129	23	159
709	63	3	92
3925	678	11	1
785	250	27	1
786	251	8	1
787	160	23	1
790	118	24	1
791	254	21	1
754	115	25	137
808	150	23	39
771	150	25	40
681	231	33	40
817	160	25	35
3915	676	33	1
778	247	9	2
798	20	5	26
816	152	27	36
3921	445	23	2
700	75	21	17
3922	677	6	2
726	237	12	5
729	31	12	24
779	162	18	114
664	62	9	15
782	248	8	15
329	149	18	26
784	249	19	2
3926	94	6	2
3935	306	41	2
698	103	8	51
818	135	26	51
3934	284	8	2
3928	162	3	3
703	95	21	58
3927	679	23	2
3917	90	17	5
3913	90	8	2
3929	387	4	2
752	150	19	52
730	238	11	12
3930	34	19	1
789	253	21	24
686	90	21	59
805	258	27	5
812	151	19	139
739	52	13	3
777	246	26	34
772	245	21	29
746	191	15	108
811	149	21	113
768	134	27	16
673	21	1	43
806	259	21	10
3936	612	19	1
3937	501	27	1
897	146	25	77
821	263	26	12
943	168	21	12
3963	636	21	2
831	265	18	14
899	288	25	10
827	141	18	80
855	44	8	9
845	272	20	10
832	266	25	4
874	111	6	2
976	302	19	24
971	267	21	4
902	273	21	3
848	247	26	8
917	253	27	9
903	271	34	9
919	293	8	2
941	298	3	23
900	289	20	8
908	291	26	16
873	282	6	3
3962	107	3	2
953	115	21	63
970	143	21	49
860	47	4	5
969	300	9	87
949	230	19	106
3938	341	23	1
951	3	7	34
945	168	8	57
3939	297	20	1
3940	194	24	1
3941	340	32	1
3942	271	32	1
909	188	25	41
3943	308	20	1
3957	143	23	1
843	130	32	17
893	286	21	9
3964	526	21	2
924	271	20	4
869	278	33	2
870	279	17	2
944	128	1	80
858	275	1	3
883	282	8	1
861	108	1	5
886	195	9	1
3945	214	15	1
3946	626	15	1
882	282	15	26
977	84	32	29
871	280	17	5
896	287	23	19
3947	617	2	1
3954	25	13	1
844	271	24	11
856	168	5	36
890	285	25	2
975	301	23	42
901	241	25	24
922	240	23	45
820	145	28	39
822	247	27	11
936	128	8	91
964	159	21	5
881	280	20	11
851	50	9	15
961	125	21	59
895	240	25	31
942	50	1	37
925	294	34	7
849	131	25	12
3965	492	9	4
486	77	2	114
880	278	17	14
872	281	20	4
830	136	27	6
958	124	21	27
916	293	28	1
3953	299	5	2
3955	223	13	1
857	174	9	4
959	65	8	150
828	94	25	4
884	194	2	24
3944	626	4	6
3948	214	29	1
3949	680	1	1
926	295	8	1
927	296	27	1
929	297	24	1
833	137	21	22
3956	681	1	1
325	153	26	27
835	154	28	12
892	263	25	4
3950	626	29	1
4162	67	14	2
842	258	24	16
938	128	9	19
3967	416	4	1
4155	346	19	6
3951	215	1	1
3961	410	9	2
3952	377	2	1
4157	145	11	2
904	290	25	4
928	249	23	2
839	143	26	31
974	260	6	72
956	116	3	261
972	161	8	47
946	168	9	21
879	190	20	13
3966	416	8	1
891	284	21	3
3960	258	28	1
910	292	8	56
2146	145	1	47
863	23	5	51
906	256	28	11
866	195	15	20
931	128	18	52
979	304	26	1
915	258	26	9
967	298	9	10
894	148	19	53
957	118	1	44
911	149	23	34
319	134	25	69
932	299	21	59
4158	228	9	1
829	264	18	8
947	47	26	6
889	284	34	3
4156	432	6	6
888	13	18	227
826	148	18	15
853	174	17	4
962	298	1	13
3958	120	28	2
920	145	27	12
933	248	1	53
887	283	18	6
20	15	8	585
4159	114	33	2
840	270	26	37
912	252	25	40
4160	93	32	2
4161	346	6	2
2641	494	5	4
4165	82	22	1
980	305	9	1
446	182	3	19
1119	326	26	12
3971	3	17	1
1049	112	8	5
1003	309	19	2
1093	324	1	9
1113	241	23	24
1074	66	1	9
1043	191	3	53
1045	185	3	24
1007	266	26	24
993	307	23	6
1100	195	3	4
3972	122	5	4
1031	261	8	19
1002	270	23	1
1126	191	21	10
988	287	8	16
304	137	1	305
1094	50	18	4
1070	11	4	2
1014	311	21	1
3976	73	9	2
984	306	23	46
1061	317	30	5
1016	160	18	3
1057	89	7	8
326	154	1	36
1050	185	2	18
1132	104	9	33
1104	325	1	4
1024	314	18	10
1080	323	5	64
1047	57	3	2
387	2	6	63
983	260	23	16
1034	268	18	16
1092	94	2	9
3983	8	35	1
1054	68	16	15
1107	310	23	24
1004	270	8	21
1105	168	2	88
1062	318	2	1
1063	204	4	1
1081	31	18	29
1065	319	33	1
1066	320	4	1
1071	61	29	5
1010	139	27	4
1118	135	28	9
982	90	23	14
1077	322	18	10
1073	180	8	1
1038	300	8	32
1059	175	6	11
1041	8	2	23
3985	370	19	1
1086	84	20	119
3984	154	3	1
435	109	10	17
1129	13	11	2
3981	60	6	1
1001	188	26	12
3978	485	9	2
981	301	19	35
1029	315	23	43
1078	323	3	22
1040	193	6	5
1087	196	4	15
1035	156	27	20
992	231	32	4
1072	202	5	5
1096	174	2	18
1051	174	16	28
1111	297	3	3
1095	184	3	58
3992	128	27	3
989	146	3	3
1026	155	26	4
453	49	2	159
1103	3	18	35
1011	134	23	17
1101	196	19	11
994	308	3	25
3975	287	18	3
1030	132	3	6
1023	287	27	18
1019	139	19	2
1083	147	9	4
1110	244	23	2
439	34	10	155
627	48	6	22
3970	71	4	4
907	268	8	21
1120	113	36	3
1079	147	18	3
459	45	1	112
1088	106	9	44
1017	107	27	9
991	191	32	26
1121	327	15	1
1122	328	19	1
1116	138	26	15
1123	327	3	1
1124	329	4	1
3968	60	20	2
1012	310	19	10
3969	682	20	2
3977	485	11	2
3973	104	14	1
3974	98	11	1
1036	265	8	5
3980	77	6	1
3982	566	15	1
1084	2	19	47
3979	359	5	1
1099	57	20	25
987	120	25	14
1044	196	15	76
1112	150	20	7
1130	41	1	15
1046	66	6	3
1048	181	15	14
1082	147	1	2
1108	306	24	10
1039	148	25	25
1058	170	7	33
1117	256	27	7
1056	181	6	2
1128	19	8	81
3986	366	9	1
3987	117	15	1
3988	373	4	1
3989	683	8	1
1032	63	26	12
1089	118	2	3
1067	321	2	3
544	184	20	121
1013	246	21	6
3996	142	3	2
3990	188	11	2
1042	181	20	30
990	301	20	19
3991	684	9	2
1006	144	27	12
1102	66	3	39
3994	3	27	2
996	162	28	13
1271	325	4	19
1266	109	5	9
4213	489	25	1
4173	48	18	2
1138	331	11	1
1147	13	1	60
1142	12	9	14
1145	332	3	3
1224	244	20	2
1197	302	26	3
1246	120	24	2
679	95	20	79
1156	23	29	18
1261	4	9	9
1194	130	23	7
1167	114	20	24
1267	53	29	18
1243	129	26	24
1260	171	4	12
1150	46	29	2
1270	33	5	12
1244	154	21	43
705	161	21	53
3995	140	3	4
1248	289	24	1
1249	288	27	1
1265	4	5	7
1162	116	21	28
3993	435	3	4
706	161	3	28
4168	95	2	3
4169	588	8	2
1252	175	4	11
1166	63	18	16
1154	179	4	35
600	121	19	341
1172	93	4	150
1160	4	29	14
1263	108	10	6
1144	60	15	3
1204	262	28	6
1214	145	9	5
4215	242	21	3
1264	46	5	6
1202	302	8	6
1090	81	5	298
1259	4	10	5
249	115	4	593
1173	84	15	55
272	105	8	51
1196	146	6	9
1188	6	18	33
1134	104	12	2
1200	118	23	25
1229	338	21	15
1237	340	19	6
1223	198	27	13
1139	79	9	26
3998	113	22	1
1177	45	21	19
1269	75	10	14
1180	120	18	47
1170	93	3	57
3999	685	18	1
355	127	11	7
4214	251	3	1
1258	200	3	6
1242	134	3	76
1228	337	26	3
4163	699	11	2
4171	196	2	2
1189	253	23	57
1159	62	29	19
4164	524	9	2
1148	221	18	15
719	236	1	53
1251	55	7	7
1178	194	21	9
4166	187	22	1
1187	83	4	113
1216	325	27	1
1182	166	19	19
1205	269	28	20
1181	80	4	30
4219	67	20	1
1183	124	19	78
1157	334	3	23
1255	55	2	3
1195	243	8	2
1232	289	19	3
1219	273	23	32
1169	278	20	48
1241	262	27	4
1227	263	3	2
1253	49	7	4
1149	173	4	6
1230	153	24	2
1231	339	25	2
266	123	19	62
1163	120	21	31
1234	251	20	2
1235	336	25	2
1221	242	19	14
1198	293	25	3
1217	258	8	10
1141	325	3	35
1208	160	26	18
1256	342	1	2
713	82	3	113
1254	222	3	6
1184	83	1	2
4170	129	2	1
1190	252	21	40
1185	87	19	6
1151	202	29	11
1186	86	8	2
1213	261	25	25
2647	303	1	3
1155	334	7	8
1268	343	5	8
75	46	3	5
4167	24	2	8
536	184	8	25
1153	159	29	25
1273	96	4	2
516	125	26	7
1275	94	12	1
1276	344	11	1
1277	40	11	1
1201	310	8	49
4172	196	7	1
220	107	18	87
1152	333	1	11
1206	256	26	2
1250	341	21	2
511	118	3	335
1247	312	25	2
4216	273	32	2
854	274	16	20
1215	219	3	4
1240	286	26	7
4217	560	23	4
1238	148	28	27
1199	292	3	15
1211	256	1	13
1236	253	24	5
1161	93	21	6
4218	509	1	2
1168	230	33	32
1212	137	28	13
1406	236	5	47
4005	338	20	1
1281	345	8	1
1282	149	5	1
1284	163	12	1
1371	360	29	1
1373	182	1	5
1289	40	12	2
1305	252	3	4
1313	94	8	84
1370	52	1	9
1348	91	15	34
1294	304	19	23
4024	387	2	2
1422	4	11	7
1306	252	6	1
4004	253	20	6
1293	307	6	11
1299	84	21	46
78	32	1	58
1303	92	23	4
1296	346	21	2
1297	347	6	2
4022	100	4	4
1395	34	4	4
4015	112	33	2
1307	191	26	1
1358	358	1	7
1361	238	1	17
1387	364	5	11
1300	235	6	16
4007	386	21	1
4008	347	8	1
1298	348	19	19
1355	23	11	31
1391	171	9	16
4012	531	36	2
1386	89	1	19
678	34	3	34
1394	2	10	9
4013	369	36	2
1354	159	10	12
1346	356	9	7
1342	353	1	5
1380	218	8	12
935	161	1	53
543	111	19	68
4006	257	15	3
4011	538	19	4
1428	92	9	6
1397	62	5	30
1365	170	20	5
1401	364	10	6
1357	75	13	4
1339	176	8	5
1329	89	20	28
1286	48	5	26
1416	66	21	22
1363	358	14	2
1364	37	11	2
1336	194	4	18
1326	107	4	66
1301	191	20	76
1374	221	9	35
1349	56	1	7
1140	54	3	17
1295	90	32	11
1340	115	30	2
1376	186	1	8
1411	96	5	11
1343	4	37	2
1372	170	2	5
1345	355	11	2
1285	26	11	8
1413	64	21	4
1351	124	20	1
1379	63	15	52
1333	86	4	2
1352	91	1	1
1353	357	29	1
4023	125	25	3
1280	18	25	3
4001	365	5	1
1366	278	38	1
1367	361	33	1
1368	362	17	1
1382	13	6	2
1410	77	11	13
4028	194	20	3
4002	366	3	1
1409	3	20	18
1331	65	19	41
4000	100	21	4
1412	125	5	16
1335	92	8	37
1393	168	10	3
1341	352	4	10
734	81	4	22
1334	230	20	6
1292	307	32	9
1322	234	3	44
1369	280	16	3
1430	47	11	20
1383	183	6	5
1323	125	3	3
1392	176	1	14
1390	18	10	10
1421	92	15	84
1327	166	4	19
1359	359	29	3
1427	122	20	50
1360	159	9	3
1344	354	2	5
1324	13	29	15
1304	261	23	36
1375	219	5	71
1325	90	4	18
1356	74	1	51
4027	347	32	2
1403	61	21	17
1404	174	4	10
1424	75	20	1
1425	367	20	1
1337	113	7	6
1398	55	4	69
4003	199	20	2
1319	4	18	30
1418	197	4	8
1396	108	2	5
638	18	6	45
4010	243	20	1
4016	686	33	2
4017	279	15	2
1283	82	11	9
4018	687	6	2
1302	92	20	88
1311	119	1	15
1423	210	9	10
4019	181	8	2
4020	184	7	1
4021	688	3	1
1381	185	1	4
4014	211	4	6
1405	85	19	3
1291	221	2	9
1278	41	2	3
1338	351	3	5
4025	15	28	1
4026	689	18	1
426	170	15	29
1408	119	4	34
1417	152	19	35
1378	322	8	23
1532	235	21	7
1028	146	20	60
4177	138	3	2
1350	91	6	8
1445	19	9	9
1328	19	4	128
2233	187	10	17
1491	287	3	24
1543	195	20	6
799	257	3	104
1459	14	29	2
1493	253	26	7
1431	317	15	11
1442	211	18	4
1441	166	11	5
1450	99	6	16
1474	147	19	3
1437	18	8	67
1497	89	10	2
1499	89	5	12
1451	88	19	13
1535	82	20	6
1536	91	19	8
4182	52	5	2
4176	265	25	4
1574	141	21	59
1530	242	6	4
4188	326	8	1
4178	435	18	3
1466	234	19	8
1476	322	19	3
1440	110	4	48
1434	56	2	33
597	110	8	56
1473	176	18	3
1452	192	6	35
31	23	8	42
1448	63	11	3
1510	84	18	8
4037	434	18	2
4189	291	27	2
1549	292	28	9
1518	325	9	14
1447	166	8	29
1477	50	19	4
1435	71	9	22
1479	323	1	16
1469	372	36	1
1462	370	33	2
1495	202	4	14
1464	371	20	2
1566	2	18	7
1556	93	25	9
1471	129	6	1
1540	121	15	8
1461	369	20	2
1475	176	5	10
834	267	9	33
45	33	9	14
4029	307	1	1
1561	115	23	31
1565	85	8	6
1527	159	8	4
4175	239	2	1
4184	313	19	4
4030	323	19	1
1482	253	3	2
4033	304	3	11
1544	92	5	20
1500	376	10	3
1554	287	20	2
1528	129	20	9
1498	375	1	1
4180	253	2	1
1438	191	17	12
1470	373	20	2
1514	19	21	27
1562	122	19	28
1548	262	25	37
1517	280	38	1
1515	379	17	2
1516	380	16	2
1534	117	29	4
1558	240	8	5
1520	173	19	1
1521	381	4	1
4036	133	26	3
1525	46	8	1
1443	262	26	3
1439	368	20	20
1553	240	19	13
1524	22	4	2
1529	122	24	2
1485	154	26	15
1531	383	21	2
4181	170	9	1
4174	353	19	1
1550	286	25	4
801	146	8	54
4031	20	26	2
1455	368	17	5
1478	115	18	7
4032	466	1	2
1522	65	10	8
1457	186	5	18
1519	28	3	6
4034	538	33	1
823	160	27	30
1502	377	4	45
1552	335	3	19
1501	179	2	30
4035	153	19	1
1541	218	19	26
1463	278	19	4
1555	241	19	2
1496	171	5	20
1436	325	2	16
1458	20	18	24
1573	298	26	35
1486	270	9	7
4179	490	6	1
1489	374	18	12
1504	23	1	21
1569	114	1	20
1570	87	9	2
1488	114	9	7
1492	258	21	48
1453	181	17	20
1490	114	25	8
1560	240	20	8
1454	226	20	8
1377	64	3	32
1533	161	4	33
1505	44	10	46
4185	500	26	1
1487	188	21	41
1539	191	8	29
1426	68	20	15
1494	334	4	15
1545	384	1	12
850	273	3	8
4190	140	15	1
4186	630	25	1
1465	230	4	16
4187	136	21	1
3959	415	9	3
4191	701	27	1
4192	702	8	1
1567	99	2	9
1446	109	18	13
4193	160	15	1
878	190	15	12
4194	35	11	2
1135	35	12	4
1613	308	19	4
1590	249	8	43
1589	151	4	2
1616	315	32	9
1582	258	20	12
1713	73	2	4
1585	315	9	1
4061	300	20	1
1647	295	20	17
1694	81	28	12
1718	334	2	15
1600	143	5	7
1587	145	5	1
1697	246	9	44
1641	185	6	10
1657	81	14	2
1661	246	8	3
1632	389	28	3
1659	392	28	8
1662	291	1	3
1655	154	8	32
1663	174	6	58
1690	20	6	41
1639	56	5	16
1593	318	4	41
1722	21	5	15
1674	118	19	19
4047	355	9	1
1658	72	22	5
1592	166	30	6
1633	389	18	2
1644	249	1	8
1702	176	9	22
1642	220	8	3
1714	82	15	3
1595	166	9	16
1656	156	28	6
1603	385	8	1
1599	14	9	17
1601	190	6	38
4048	7	5	3
1711	199	4	29
1617	231	23	1
1605	308	32	2
1606	386	6	2
4057	353	10	2
1594	353	18	7
1609	308	23	10
4049	173	42	1
1666	394	2	9
1675	197	19	11
4039	225	20	2
1596	108	18	10
1607	304	32	8
1625	387	18	1
1688	3	10	12
1684	397	18	18
1602	327	18	2
4040	51	29	1
4058	428	4	1
1608	303	23	7
1715	94	4	10
618	187	1	71
3645	61	10	8
1682	73	18	29
1696	156	18	11
1577	77	26	17
1583	315	19	3
1604	120	36	2
4009	363	21	10
4041	73	8	1
1630	128	28	5
1262	109	4	11
1709	23	9	20
1618	257	6	9
1648	391	32	2
1706	43	5	18
1683	120	5	9
1621	335	26	4
633	172	10	38
1665	377	37	2
4050	690	2	1
1678	103	19	4
1669	395	9	2
1676	198	19	30
1578	161	19	18
1612	111	32	12
1671	231	3	1
1672	396	25	1
1677	198	8	37
1580	348	21	26
4051	691	1	1
4042	53	42	1
1598	67	30	3
1581	235	19	35
1579	198	6	33
1681	96	1	19
4043	13	12	1
1646	315	34	14
1610	306	20	5
1637	118	28	8
1691	8	10	1
1692	375	9	1
1635	28	26	2
4038	184	32	8
1620	302	21	4
4052	60	42	1
4053	45	25	1
4046	355	2	1
4068	636	9	2
4044	7	2	6
1645	390	18	5
4045	199	37	2
4056	484	1	4
1705	27	10	2
1667	355	5	5
4054	575	10	1
1710	15	2	25
4055	692	43	1
1700	260	9	5
1689	325	10	9
1720	180	10	3
1611	315	6	6
4060	266	1	2
1721	377	9	1
4063	149	9	1
1724	32	6	1
1725	401	29	1
1712	200	18	2
1673	152	2	2
1660	393	9	7
4062	544	24	1
4059	383	23	2
1650	272	19	3
1699	135	19	26
1588	64	5	44
4064	154	4	2
1631	388	28	2
1687	159	6	3
1597	353	8	3
4065	668	8	4
1653	134	21	14
934	128	21	72
1643	363	15	3
1698	14	25	5
1707	44	9	24
1651	244	18	14
4066	373	32	1
1685	34	6	2
4067	670	20	1
1719	377	5	2
1584	119	9	5
1591	160	8	2
4073	129	17	1
1731	404	11	1
1732	331	1	1
1817	5	19	6
1871	235	1	9
1734	205	11	1
1790	107	21	16
1840	73	5	20
1743	274	19	1
4090	646	9	2
1810	63	25	5
1174	107	9	54
4074	227	33	1
1176	67	5	27
1814	114	6	20
859	14	3	75
1776	260	28	2
4075	372	21	1
1738	90	20	36
1868	198	23	11
1804	153	22	2
4091	540	3	1
1809	133	19	10
1824	319	3	10
1756	17	8	5
1757	43	8	2
1758	407	1	6
542	195	6	32
1818	416	6	3
1783	139	21	3
1860	210	11	4
1760	28	14	7
648	62	10	49
1762	98	18	3
1788	411	6	3
1761	97	9	3
702	77	4	79
1767	200	2	14
1765	279	6	4
1766	409	20	4
1741	88	8	10
1763	174	33	4
1746	221	11	23
1862	425	21	3
1751	20	17	9
4076	694	4	1
1131	104	11	19
1806	270	21	10
1777	410	25	1
1842	56	35	1
1769	168	18	11
1781	135	27	13
1740	123	20	62
1847	55	15	79
4077	169	38	1
1773	133	25	20
1787	161	32	1
1747	163	8	25
1782	314	21	5
4078	695	17	1
1729	395	2	2
1779	245	3	25
1797	28	22	4
1857	233	33	3
1786	152	9	15
1736	79	10	4
1791	397	1	3
1839	23	4	25
4079	380	33	1
1799	413	9	6
1728	23	10	29
4081	369	4	1
862	43	1	40
930	298	21	118
1816	123	8	10
1843	319	10	1
1844	422	1	1
1796	162	9	4
1852	122	3	34
1097	184	6	92
1775	198	25	17
1794	143	3	5
1872	84	8	7
1759	43	10	3
1836	228	3	5
1739	230	15	18
1749	53	10	27
1802	414	18	15
1801	155	1	12
1826	319	4	1
1827	420	2	1
1789	128	19	35
1314	65	26	6
1805	162	22	7
4069	67	33	1
1821	20	35	2
1754	111	3	15
1813	90	19	45
1856	93	20	16
1845	343	3	2
1733	73	29	2
4080	276	36	2
4082	683	3	1
1863	184	18	3
1841	334	15	1
1848	190	35	1
1850	424	6	2
1309	143	1	54
1772	245	23	9
490	75	5	160
4084	81	32	1
4095	68	5	5
1870	220	21	6
4070	693	32	1
4071	278	8	1
1785	194	8	30
1851	229	5	2
4072	642	21	1
1858	233	20	1
1745	219	8	94
1849	319	35	6
4083	378	26	1
4085	696	6	1
1835	9	15	8
4087	280	33	1
4086	184	33	4
1866	77	32	1
1867	427	32	1
1819	384	5	3
1820	187	18	27
1865	115	3	34
1803	94	21	38
1869	253	6	2
1752	227	17	6
1854	221	8	16
4094	426	8	5
1834	421	7	6
1568	107	1	135
1726	402	1	3
4088	129	1	2
1793	141	28	12
4089	12	22	1
1837	173	10	13
4092	396	3	1
1859	119	11	3
4093	195	18	1
1742	363	2	15
1861	1	21	3
1764	408	33	5
1774	245	28	4
1748	406	9	21
1823	418	35	12
1822	417	15	9
1873	363	4	13
1771	287	25	7
1730	403	31	2
1727	201	10	4
1855	233	6	10
163	82	8	273
1907	363	6	13
1988	453	39	2
1895	338	8	14
1896	8	1	7
1885	347	4	7
2006	435	21	28
1890	154	19	1
1891	429	19	1
1175	102	8	43
392	4	7	86
2015	106	1	25
2007	133	20	41
1898	120	1	8
1932	118	27	27
1887	155	28	2
1969	125	27	4
1934	434	27	2
1959	185	19	1
440	45	29	126
1949	106	22	2
1942	436	28	5
1950	412	28	3
1913	45	15	1
1914	431	19	1
1272	18	19	12
1892	90	25	11
1899	86	15	3
1893	188	3	7
1883	300	26	12
968	47	18	70
2011	41	8	3
750	12	15	15
1989	454	22	2
1901	220	6	5
224	96	9	138
1917	303	19	1
1922	350	18	14
1970	249	25	2
1939	141	14	2
1964	440	36	5
295	136	26	28
2012	112	3	69
1925	298	29	1
1961	87	5	15
1957	262	1	6
1239	326	25	36
665	2	7	46
1906	234	6	4
1976	447	8	5
1933	244	25	1
1935	314	3	1
1937	140	19	1
1938	250	3	1
1965	441	25	2
1966	442	3	2
1943	388	26	1
1921	110	19	7
2005	244	3	21
1947	263	1	1
1948	414	14	1
1990	455	40	2
1941	106	21	7
1930	376	1	5
1951	393	26	1
1952	145	39	1
1953	437	14	1
1954	438	28	1
1955	439	18	1
4098	5	5	7
1968	443	8	1
1971	434	22	1
1972	444	11	1
1973	445	22	1
1974	126	40	1
1975	446	26	1
1888	389	9	6
1929	13	4	19
1982	450	20	14
1978	143	40	1
1979	448	26	1
1987	446	22	4
1991	453	28	2
1983	295	27	1
1984	451	8	1
1998	134	41	1
1999	459	25	1
2000	460	19	1
2001	155	27	1
2002	461	8	1
1985	138	22	2
1986	452	40	2
1878	179	8	3
1992	393	40	2
1993	456	18	2
1963	312	34	3
2019	65	6	2
1996	160	40	2
1997	458	26	2
1980	135	41	3
1905	430	3	16
2008	293	27	5
1912	218	6	19
2003	314	26	2
1904	234	20	22
1967	312	18	2
1958	143	25	2
4099	71	5	3
1931	159	2	10
1936	435	27	5
1994	457	26	3
905	135	25	42
1884	231	21	7
1910	113	1	9
1995	138	18	7
546	196	8	23
4097	559	7	1
2014	77	9	22
2016	28	8	5
2010	190	19	12
1916	24	4	2
775	144	9	205
1875	64	11	28
1903	122	4	18
2009	139	26	7
1894	387	26	8
2013	60	3	7
1886	94	28	15
1940	338	18	8
1920	299	8	3
1889	269	9	5
1945	140	8	2
1911	185	15	21
1009	188	27	22
384	48	3	142
1924	198	1	68
877	112	15	7
1908	220	4	4
4096	499	21	2
1882	49	10	47
1918	432	19	2
1956	150	28	25
701	129	8	77
1876	186	9	46
1962	240	24	16
1879	428	2	2
921	139	8	28
1909	85	6	31
1877	50	7	10
193	67	19	484
1900	121	8	16
965	75	8	168
1881	61	2	28
1960	14	11	16
708	12	21	12
1981	449	23	12
1915	54	11	42
1927	3	11	2
2142	90	1	11
2036	463	5	2
2165	71	8	15
1547	150	26	21
2073	187	5	60
2135	62	4	8
2091	193	36	1
2092	471	15	1
2065	144	5	12
2050	116	28	5
2056	12	11	8
2032	49	21	1
2028	128	2	2
2055	144	28	7
2123	46	10	13
2046	53	3	2
2097	473	36	1
2062	323	9	8
2098	474	15	1
2089	193	17	3
2034	54	2	4
2093	328	7	2
2094	175	7	2
2047	322	9	1
2128	236	4	6
2030	1	2	49
2100	475	3	1
2117	109	19	2
1576	299	9	4
2145	144	21	29
2166	170	4	12
2038	464	5	5
2157	56	16	2
2075	7	8	10
2029	157	1	3
380	167	11	5
2041	67	6	11
2137	74	18	5
2113	192	17	4
2059	302	25	2
2072	436	4	9
2043	325	11	3
2148	14	26	20
504	77	21	103
2052	269	22	3
2154	46	4	9
2020	220	1	2
2066	197	26	1
2069	34	28	1
2035	1	10	4
2070	144	11	1
2071	41	21	1
2074	187	2	12
2115	21	4	13
2022	121	1	5
2027	31	21	4
2102	193	33	2
2103	476	3	2
2106	477	36	1
2107	471	7	1
2124	171	3	3
2096	472	7	3
2099	473	17	2
2109	475	7	1
2110	470	36	1
2082	59	15	2
2083	368	34	2
2118	479	18	2
2048	99	15	6
2077	59	7	4
2085	281	7	1
2086	470	3	2
2111	474	7	1
2108	478	7	2
2095	10	33	4
2112	472	3	1
2104	477	17	2
2090	227	7	2
2129	236	8	36
2126	229	19	1
2127	381	18	1
2119	236	10	2
2120	101	10	2
1717	343	4	35
2121	33	10	7
2122	33	4	4
2031	199	1	40
2125	480	10	2
2131	102	36	1
2132	481	8	1
1146	6	9	18
2079	281	34	4
2080	468	17	6
2081	469	3	6
2133	482	1	1
2147	162	1	2
2068	106	10	7
2101	59	3	7
4101	375	29	1
2152	483	10	8
2067	467	18	2
2087	3	16	5
2023	462	8	7
2139	121	4	12
226	28	2	6
2054	127	26	7
2049	191	18	10
2058	350	1	4
2064	110	26	4
2155	484	9	2
2153	484	4	2
103	57	17	28
2160	31	11	3
227	51	9	27
2134	92	4	16
1158	4	1	62
2144	87	1	7
2061	466	18	10
2159	64	42	1
2156	68	6	19
2162	73	12	1
2163	35	1	1
2164	485	5	1
2084	281	17	3
2078	58	17	10
2039	465	10	4
2053	412	9	7
2150	183	15	4
2151	171	43	7
2141	119	6	11
1575	161	18	6
2130	125	9	2
383	70	22	5
4100	230	9	2
2149	34	2	10
689	234	21	13
80	13	9	95
2114	176	10	3
2045	122	18	3
2138	106	4	2
2042	163	1	2
2057	236	19	12
4102	652	10	1
2051	388	9	6
2143	197	1	16
4103	624	10	1
2136	45	11	9
4105	187	29	2
4106	173	29	1
4104	333	5	4
4107	652	29	1
4108	333	4	1
2158	8	20	10
2161	43	11	2
2249	265	28	3
2167	170	33	1
2170	50	6	1
2172	486	8	1
102	8	16	24
2218	338	19	2
2219	429	28	2
2213	311	9	10
2231	41	26	6
2177	430	4	4
2215	488	18	4
2216	136	3	3
2220	136	8	1
2241	120	9	5
2265	158	5	3
2239	174	8	7
4120	20	30	2
2262	94	22	10
2178	120	8	27
1551	245	8	39
2277	148	4	7
2232	317	3	29
2187	89	21	18
2208	256	8	17
2182	56	18	10
2185	166	3	19
2194	326	18	9
2206	155	9	25
2223	83	23	1
509	102	9	100
2188	116	6	19
955	298	8	155
1419	152	5	8
2205	134	1	11
2191	138	27	1
2251	156	8	7
2193	252	23	1
2189	131	8	2
2283	360	11	6
2197	314	8	18
2266	115	5	2
2252	266	21	8
2199	257	27	1
2204	137	3	11
1347	77	20	12
2268	318	3	2
2279	299	26	24
1449	102	18	63
2259	306	19	10
2261	80	19	25
4116	290	28	1
2264	445	9	17
598	110	5	55
2200	251	21	9
995	152	26	124
2202	259	8	9
4113	233	4	3
2224	161	26	10
1670	302	3	12
2201	146	27	6
1225	336	23	2
1571	53	5	50
2222	162	11	4
2267	234	30	1
2256	242	32	10
2269	493	21	1
2228	350	21	5
2229	137	19	2
1052	8	6	15
2195	243	32	4
2207	154	27	2
837	269	18	141
2168	408	6	2
2211	125	28	3
2234	2	17	4
1638	388	18	11
2209	80	28	4
2230	429	4	2
2217	147	26	7
2169	409	7	2
4114	44	11	1
2276	14	28	4
2257	271	21	2
2273	494	1	2
2181	236	18	23
83	48	1	349
1679	350	4	17
2286	391	24	5
1290	106	8	19
1572	145	8	25
2171	58	2	4
1586	103	26	34
2179	117	8	26
2263	492	11	7
2235	181	33	1
2236	408	3	1
2237	477	4	1
2287	242	25	3
1420	366	1	7
954	152	1	33
2242	132	34	1
4110	20	16	2
1649	231	24	6
2246	255	21	1
4115	310	28	1
2225	106	3	14
2221	350	6	3
2255	131	24	22
2174	99	20	17
2248	335	8	1
4127	60	14	1
2245	272	21	4
2214	153	25	4
2212	263	21	4
2254	257	23	28
1795	387	25	14
2184	81	3	15
2196	386	24	4
2243	489	23	2
2270	129	11	1
4117	697	34	1
2271	147	15	1
2285	322	5	7
2275	147	3	1
2284	166	18	56
2183	100	11	18
2260	134	4	18
2278	495	8	1
2226	325	21	3
4111	316	20	2
2280	129	28	2
2281	496	28	2
309	144	26	148
4112	583	32	2
1222	313	21	22
399	31	2	230
4118	54	12	4
2175	430	20	10
4124	186	14	1
4119	52	14	2
4121	52	10	1
4122	557	14	1
2203	134	26	17
4123	25	14	1
2227	102	19	9
2238	218	15	6
745	92	6	58
2186	348	6	31
2210	144	8	7
2247	310	21	6
4125	97	1	1
2272	55	9	5
4126	360	10	1
2190	151	18	9
4128	27	2	1
2295	262	23	1
2296	309	25	1
2290	132	32	2
2340	363	18	2
2355	248	28	2
2299	139	18	4
2300	268	3	1
2302	103	23	1
2303	497	3	1
667	68	17	3
2394	12	20	28
2383	220	7	2
2310	269	26	3
2360	169	9	1
2361	504	11	1
2304	388	1	2
2305	387	23	3
652	224	8	3
2380	115	2	11
2350	60	2	11
2337	19	18	16
1384	89	8	21
2309	387	21	22
628	9	3	35
2362	404	4	1
2297	262	9	2
2311	83	8	15
2312	152	15	6
2363	213	29	1
2393	196	18	3
2399	306	18	2
2319	93	8	4
2320	150	34	1
2403	306	21	24
2322	500	23	1
2323	490	24	1
2345	384	18	15
1523	382	9	4
2326	307	21	1
2379	152	18	7
2332	306	27	1
1109	310	3	66
2344	191	5	5
2375	220	19	3
2317	189	4	3
2395	384	8	8
2330	501	19	5
2385	12	18	19
2339	378	8	1
2397	151	8	7
2391	502	5	4
1716	60	29	31
2390	199	18	2
2369	267	18	1
2406	350	8	1
2343	277	3	1
2392	47	3	8
2346	462	5	1
2347	55	17	1
2348	503	16	1
2349	195	8	1
514	187	8	42
2384	9	1	1
1668	179	11	7
2342	368	33	4
2335	1	18	11
30	22	1	62
2407	234	8	12
2389	21	8	3
2408	85	4	17
2365	211	29	2
2366	302	20	11
2370	240	32	1
2371	346	23	1
2372	152	20	1
2373	505	19	1
2374	149	6	1
2341	81	11	24
4195	114	26	2
2352	44	5	25
2356	102	21	18
2308	498	20	21
2313	189	21	4
1460	278	36	8
2333	266	18	2
2405	350	19	21
2364	395	4	3
2288	289	8	3
2388	199	9	14
2294	292	26	8
81	47	10	95
1472	8	15	36
2382	184	5	16
651	223	2	2
2316	499	15	11
2336	502	1	6
1508	90	3	33
2413	116	9	15
2306	115	6	12
2404	107	19	16
429	177	3	219
2396	92	18	10
2338	89	18	10
1060	112	4	14
1652	249	18	11
2410	116	26	3
56	38	11	20
2292	290	20	5
1165	94	18	52
2398	306	6	3
1456	281	33	10
2293	391	23	28
852	24	1	24
1033	188	28	61
2301	337	21	2
1619	84	23	18
2331	313	23	8
2411	301	26	1
2412	305	8	1
117	22	9	231
420	67	7	84
2334	194	5	11
2387	51	2	6
2358	248	3	7
1021	312	19	16
2291	386	23	7
273	125	4	299
2314	499	3	4
1624	300	3	26
2376	390	26	3
1143	219	9	10
1022	313	25	35
2357	263	18	13
2298	102	27	9
2359	267	1	2
538	82	2	155
108	1	1	215
2327	257	25	8
321	151	21	121
4129	122	16	2
2351	48	9	5
316	148	8	93
2307	369	33	11
2368	134	28	2
2401	236	9	27
1928	433	18	5
2354	103	21	6
2402	256	21	2
2329	312	24	4
2378	146	23	4
423	12	2	200
2367	303	21	9
162	53	8	373
2353	144	18	12
2522	294	6	18
2461	14	10	2
2526	322	10	2
2415	121	16	1
2416	507	20	1
2419	87	3	4
1075	50	5	49
1800	102	28	19
2436	247	18	8
2456	117	2	13
2473	236	26	5
2518	73	14	4
2528	480	9	2
2426	99	18	15
2462	382	1	3
2496	119	15	3
2480	219	2	4
2430	346	1	1
2431	509	26	2
2433	346	18	1
2438	149	20	1
2441	314	24	1
2444	434	8	1
2425	201	18	4
2442	511	19	2
2423	111	4	2
615	99	19	272
2445	244	32	1
2446	512	23	1
2450	230	23	6
2448	251	19	4
2447	130	19	12
2418	199	2	32
2452	244	27	5
2455	161	6	3
248	114	3	145
2464	10	15	1
2466	175	10	1
84	49	3	104
2490	365	8	8
2460	181	7	4
2556	393	18	3
2481	51	4	11
794	150	8	65
2476	88	20	1
2475	514	16	10
2474	274	6	9
2477	12	10	1
2482	463	1	1
2479	23	2	21
2483	223	12	1
2484	47	21	2
2437	310	24	6
2486	153	1	2
2487	163	5	1
2440	149	24	5
2551	71	10	6
2414	58	20	5
2494	55	1	9
2517	360	4	3
2495	462	21	2
2435	188	9	14
1220	315	24	22
2421	192	33	5
2502	48	20	1
2439	91	23	10
2524	6	10	7
2458	2	21	5
2499	43	2	1
2500	515	1	1
2507	49	20	1
2508	367	15	1
2509	68	18	1
1542	68	19	19
2469	267	25	15
2511	64	7	1
2492	225	8	9
2516	27	14	1
138	71	1	54
2519	72	12	1
2523	197	15	1
1207	270	18	29
2525	71	3	1
2545	468	25	1
2533	518	25	3
2530	273	41	2
2510	34	12	2
2471	335	25	2
2543	290	17	10
2534	460	21	3
2504	8	19	5
2535	249	4	2
2536	519	21	2
2537	197	41	2
2538	518	6	2
2539	520	23	2
2540	302	16	2
2541	521	20	2
1467	195	32	3
2422	508	17	5
2478	382	11	3
2420	1	6	6
2546	468	24	1
2548	80	40	1
2550	160	4	1
2544	469	34	4
2505	323	4	2
2554	392	22	1
2555	524	28	1
2553	69	22	5
2501	65	20	7
2520	89	32	3
2557	28	28	1
2558	269	1	1
36	26	9	26
2076	170	16	19
2527	229	3	6
2465	228	7	8
1133	201	9	4
2493	185	4	11
2529	150	41	11
2468	151	26	13
2488	79	5	3
2459	281	16	11
2472	240	18	2
1312	62	21	11
2549	523	18	2
2514	74	10	13
2542	231	34	13
2512	517	4	2
646	88	7	34
2467	513	9	2
690	174	21	9
1768	201	8	30
2470	300	25	6
2449	250	25	7
2432	248	19	2
2547	522	19	8
1444	270	1	34
2427	3	25	4
2521	303	20	7
2503	516	15	3
2453	487	3	3
2451	259	3	2
2485	436	9	5
2443	314	25	5
385	2	1	92
2513	178	2	13
2491	234	15	2
4131	31	13	2
2532	257	41	5
2434	510	26	2
2489	60	21	3
2506	166	1	5
2498	200	9	4
4130	159	3	2
1512	120	20	35
1654	300	18	34
2561	134	19	1
2564	66	28	1
2566	392	9	1
2567	127	1	1
2570	372	34	3
2571	468	20	7
1615	260	20	15
2573	160	14	1
2574	78	8	1
2575	76	5	1
2576	76	26	1
2577	188	22	1
2578	525	28	1
2580	492	21	2
2582	526	27	1
2583	244	28	1
2584	491	9	1
2599	14	15	6
2648	492	1	1
2649	530	18	1
2650	177	2	1
2652	114	36	1
2590	118	6	4
2653	327	19	1
2702	538	17	2
864	276	16	17
2592	176	21	1
2645	66	18	7
2651	531	19	2
2597	45	19	1
2591	115	1	8
2563	160	3	3
2565	496	9	2
2681	184	1	4
2602	234	1	6
2657	118	20	1
2658	505	23	1
2609	58	33	1
2610	277	17	1
2612	514	2	1
2694	5	29	34
2621	528	7	1
2659	60	19	1
2660	533	3	1
2701	12	26	5
2600	190	8	7
2616	319	7	2
2617	527	3	3
2667	174	18	5
2618	170	29	2
2619	402	2	2
2615	419	15	7
2622	528	1	1
2623	529	5	1
2626	92	21	1
2627	330	23	1
2629	92	26	1
1308	349	1	4
2604	159	1	13
2630	7	9	2
1257	49	29	14
2633	77	15	6
2669	103	3	3
2665	180	9	1
2635	56	17	1
2562	87	21	9
963	75	29	28
2595	325	18	3
2639	125	14	2
2581	526	1	2
2640	121	9	1
2697	118	32	4
1546	110	1	47
1125	113	15	98
2637	364	8	11
2586	80	27	7
2634	218	20	7
2568	311	1	2
1000	137	26	38
2671	292	19	3
2593	129	7	2
723	12	14	3
2678	78	14	2
2596	176	19	2
2666	44	29	18
2679	39	14	2
2644	210	18	5
2676	100	2	1
2691	84	30	1
2585	137	5	2
2675	269	11	2
2680	39	13	2
741	37	9	3
2674	151	2	3
2661	61	9	2
2683	66	11	4
2643	67	11	10
2689	121	5	1
2692	535	3	1
2693	493	3	1
2579	102	22	5
2688	53	2	8
2646	61	11	2
2673	9	6	12
2698	411	20	1
2552	162	14	5
2699	102	32	1
2700	537	20	1
865	277	20	14
2690	534	1	3
2706	304	6	1
626	14	5	224
2654	114	11	5
2705	540	6	8
2670	147	21	7
2569	271	17	3
2704	276	32	14
1484	106	26	83
2587	312	20	11
126	48	8	184
2624	252	19	2
2589	235	8	11
2655	532	9	2
2613	85	7	23
2642	66	9	6
2632	462	2	5
2663	126	11	10
1807	267	8	20
2628	114	23	10
2695	536	1	29
2686	122	8	4
2605	89	3	28
1115	286	8	9
32	15	3	298
2606	114	5	9
2677	163	11	5
2598	86	19	2
2636	227	6	2
732	82	9	113
2668	378	1	2
2625	315	20	9
2638	258	32	7
2601	185	21	4
2620	174	35	12
2687	194	3	7
2603	317	1	3
2594	185	8	3
2696	111	23	16
2685	233	17	11
2684	282	33	3
2703	539	33	5
2560	287	21	6
2631	108	3	3
1318	115	9	9
2608	16	2	5
2682	357	5	4
606	3	8	94
2614	55	35	15
2672	306	9	3
4132	358	12	2
1838	33	1	10
2611	58	6	3
2662	109	11	4
2708	90	36	1
2711	280	4	1
2712	541	3	1
2713	231	1	1
1468	231	17	2
2717	542	1	1
1695	399	18	23
2707	231	6	3
2710	304	20	2
2720	349	8	1
2721	236	27	1
2723	131	18	1
2724	426	26	1
2725	313	4	1
2726	144	24	1
2728	137	20	1
2730	268	23	1
2731	545	19	1
2732	257	18	1
2849	141	9	3
2807	294	8	2
1506	173	5	70
2742	423	2	5
2744	546	10	3
2736	170	35	4
2757	550	33	2
2848	357	1	3
1388	175	2	3
2818	131	32	12
1315	188	1	70
2745	343	9	1
2746	547	5	1
2797	559	15	5
2790	260	25	12
2786	117	9	2
2810	235	20	5
2749	492	18	1
2829	8	4	10
2754	549	19	1
2756	191	36	1
2752	191	23	2
2753	132	4	2
2759	549	23	1
2760	551	8	1
2761	253	4	1
2755	95	23	2
2762	301	9	1
2733	89	16	4
1628	248	9	28
2765	201	7	1
2766	124	11	1
2751	197	23	3
1636	154	9	23
1332	13	19	3
2776	334	8	1
2777	69	2	2
2778	553	8	2
2779	143	14	1
2780	554	11	1
2781	43	26	1
2783	118	12	1
2784	556	10	1
2785	557	26	1
2782	555	8	2
2771	192	18	3
2772	552	18	3
2515	238	9	10
2808	153	21	42
2787	395	11	1
2834	25	8	2
2789	196	21	1
2817	86	3	2
647	9	4	72
2791	246	22	1
2792	558	14	1
2804	184	17	8
2839	515	4	2
2796	15	15	1
1414	365	1	2
2803	366	8	2
2805	112	17	1
2806	503	20	1
1825	419	35	7
914	244	21	19
2814	258	6	17
2812	235	23	2
2813	335	6	2
2718	256	25	6
2811	505	8	4
2815	301	21	2
2827	34	8	1
2828	275	10	1
603	129	3	120
2722	293	18	6
2825	191	2	9
2819	284	3	4
2820	148	32	2
2821	560	21	2
2775	536	4	5
2748	334	29	11
2847	92	1	9
2830	181	1	2
2831	177	5	1
2832	546	1	1
2833	74	12	1
2836	334	9	6
2845	257	21	2
2837	7	4	1
2838	171	2	1
2802	118	5	4
10	8	7	13
960	118	8	155
2842	3	23	1
2843	261	6	1
2816	248	26	12
2795	160	2	8
2739	528	3	3
2799	27	12	3
2758	93	23	7
2794	142	8	3
876	89	15	61
2741	202	3	6
2823	295	23	3
2764	181	16	5
2846	198	26	3
923	260	24	48
2801	118	18	10
2793	167	22	4
2822	116	27	5
2840	44	4	2
2763	275	18	5
2798	56	11	3
2727	543	19	3
1737	18	29	10
2737	528	15	7
2850	126	18	5
2824	561	8	19
1538	87	18	12
2844	311	8	4
2773	55	5	5
2835	406	1	3
2770	425	3	5
1415	298	4	7
2734	71	2	4
2743	10	5	3
2740	421	15	16
2729	544	23	3
2826	91	2	2
2841	301	3	5
2788	306	26	2
2800	27	5	9
2735	4	15	21
2714	509	8	4
2809	436	18	26
867	123	6	121
2715	294	32	2
2750	548	9	3
2774	534	5	3
2716	372	32	7
124	65	3	162
2709	327	36	3
1480	232	17	14
2767	278	32	7
437	172	1	27
649	32	11	49
2747	186	10	6
2738	418	6	6
2719	131	26	3
2948	194	23	2
2851	548	26	4
2428	141	1	4
2953	148	27	3
1127	330	3	3
2924	298	28	1
2854	99	30	1
2856	334	18	1
2857	334	21	1
1811	240	28	4
2920	128	25	6
2893	80	20	3
2866	373	1	1
2867	562	5	1
2868	104	31	1
2872	524	22	4
2869	331	22	2
2870	104	22	2
1310	141	8	201
367	14	21	564
2875	524	5	1
2876	563	11	1
2877	45	20	1
2878	367	32	1
2950	290	23	3
2980	67	15	6
2925	149	3	1
2926	340	23	1
2863	430	15	5
2879	92	16	2
2968	436	21	2
2880	373	19	2
2911	129	18	6
1634	156	9	12
1015	263	9	21
2954	314	23	1
2889	51	10	2
2887	463	2	4
2888	515	9	3
2882	196	3	6
1897	364	1	24
2928	335	15	1
2891	176	20	1
2892	124	9	1
2894	565	19	1
2932	184	23	1
2899	228	5	1
2934	569	6	1
885	66	19	47
2974	319	15	8
2930	218	21	5
937	116	1	118
2969	161	28	3
2945	8	17	4
2895	364	2	10
2957	248	25	2
2967	161	9	5
2910	112	5	1
2900	534	6	2
2901	566	1	2
2902	364	20	2
2952	297	19	3
2904	194	16	2
2905	567	2	2
2906	568	4	2
2862	4	20	6
2935	141	5	6
269	55	19	274
2896	8	8	6
1400	170	6	28
2937	102	15	1
2938	570	26	1
2939	571	18	1
2865	280	36	11
2931	189	20	4
2916	190	21	1
2917	499	4	1
2871	126	22	5
2918	143	22	1
2919	525	9	1
2921	436	26	6
2940	100	19	1
2941	533	18	1
2955	311	4	2
2961	228	4	4
2853	184	21	7
2936	56	25	2
2956	436	25	2
699	62	1	116
2943	350	5	2
2944	350	9	1
1701	400	26	10
2965	155	3	1
2140	317	19	22
1798	412	26	6
2947	315	8	6
2971	112	35	6
2949	302	24	1
2988	85	21	5
2929	189	8	5
2962	176	17	6
2861	189	3	2
2959	26	12	1
1830	317	6	25
1330	191	19	72
2946	196	6	3
2958	18	5	12
2915	365	3	8
2912	323	8	4
660	181	3	78
2897	170	1	4
1179	107	11	72
2908	16	8	6
2922	388	21	9
2923	267	28	2
2975	317	7	2
2977	73	4	1
742	56	3	165
2874	445	11	3
2963	93	1	5
4134	199	10	1
2914	366	21	5
2903	367	8	3
2964	323	11	4
2860	116	15	2
2942	374	9	4
2983	99	9	1
2951	138	23	2
2960	572	11	3
2984	5	11	1
2873	524	11	3
2970	528	6	9
2664	382	5	8
2864	430	6	4
2883	330	4	13
2989	157	3	1
2927	243	3	6
2884	230	8	3
2881	531	15	4
2855	110	11	14
2909	16	4	6
1055	316	6	18
2913	116	5	4
2976	180	5	4
1563	240	21	13
1511	378	5	15
2981	83	15	4
2982	282	20	14
1812	415	18	5
2852	116	18	4
1832	85	2	12
2979	298	5	2
2	2	3	198
2972	424	15	3
2898	169	15	2
2966	248	21	3
2890	10	3	14
2886	564	6	6
2885	5	7	4
2990	2	23	1
2985	258	2	2
2986	573	8	2
2997	392	21	1
2998	526	8	1
2253	248	27	5
3075	92	32	6
3082	268	34	1
2992	574	26	4
3040	260	27	4
2993	141	25	3
2994	575	19	3
2995	240	1	3
3029	122	6	13
2999	393	22	1
3000	558	28	1
3001	393	8	1
3074	218	4	2
3007	267	22	1
3008	576	9	1
3005	386	17	5
3033	353	21	2
3012	317	10	1
3095	14	14	2
3013	225	5	1
3014	45	23	1
3015	577	6	1
3016	301	2	1
3036	272	3	3
3089	137	17	1
3090	586	32	1
3004	260	32	3
3027	302	6	7
3020	108	30	1
3076	1	19	5
3022	223	3	1
3023	578	7	1
3024	85	30	1
2996	87	26	4
3025	185	10	1
3026	8	23	1
3028	68	9	1
3039	489	20	2
3143	294	33	2
3091	132	28	1
3122	16	6	17
3031	214	4	3
3034	145	34	1
3035	579	20	1
3038	258	34	1
3037	580	21	3
3142	231	20	9
3092	410	34	1
3112	273	8	3
3051	133	9	1
3054	338	9	1
3117	225	15	8
3041	132	19	9
3063	120	33	4
2250	491	18	2
3065	430	19	15
3083	585	20	2
3138	111	2	4
3085	156	32	2
3086	537	24	2
3087	272	25	2
3088	289	21	2
3105	582	25	5
1192	310	25	18
3070	180	11	4
3072	127	5	8
3067	95	11	1
3069	104	4	1
3127	371	15	2
3137	235	4	9
3078	54	15	1
3079	584	19	1
3110	255	20	5
3080	77	29	1
3115	20	11	2
3096	78	12	1
3081	335	21	1
3084	149	28	4
3077	416	15	3
3098	14	12	1
3101	77	12	1
3099	587	14	2
3100	35	8	2
2180	258	23	37
3103	136	25	15
3116	19	15	2
485	77	8	311
3009	4	30	5
3114	250	21	1
3053	161	27	8
3097	105	11	23
3104	264	9	4
3055	286	3	8
3106	488	28	4
3057	265	26	3
2244	490	20	7
3108	297	8	4
3107	251	23	3
3060	10	4	2
3109	340	21	3
3006	542	23	16
3118	48	19	8
3119	416	2	9
3021	225	6	3
3123	416	3	3
3121	588	6	3
3071	219	11	5
3128	369	18	1
3129	385	5	1
3139	378	9	4
3131	50	15	1
3132	84	9	2
3135	75	19	1
1106	152	23	21
3030	5	30	4
3068	532	11	2
3102	199	3	17
1483	13	26	172
3011	225	4	3
3144	233	32	1
3018	199	5	14
3136	120	11	4
3048	581	18	2
3133	6	5	3
131	8	3	117
3064	583	20	7
3073	322	21	2
3046	308	6	6
3002	291	28	2
1233	240	27	19
3010	353	15	8
3093	248	4	9
3050	256	3	3
3056	12	25	5
3003	269	21	2
3140	74	11	2
3032	353	3	2
3044	310	27	2
3111	505	25	5
3058	312	23	5
3059	236	11	5
3120	588	3	7
3134	187	3	2
3061	168	1	17
4135	170	11	1
3141	89	9	2
1018	265	21	43
3043	151	27	8
3130	225	19	8
3049	443	26	5
2991	258	1	4
3047	151	24	4
3052	582	18	2
3124	588	1	3
3126	373	33	5
3045	469	32	8
3042	349	27	2
3113	264	3	3
3066	15	21	6
3214	462	6	1
3146	370	32	1
3154	234	32	1
3155	589	3	1
3156	396	33	1
3157	476	19	1
3158	371	17	1
3159	590	15	1
3160	591	36	1
3161	592	33	1
3208	495	21	6
978	303	6	9
3164	227	1	1
3165	593	26	1
3188	191	1	5
3163	84	7	2
317	149	25	113
3217	300	5	1
3218	466	3	1
3232	5	15	7
3167	111	5	2
3202	494	18	2
3221	138	24	1
3169	111	18	3
3223	511	27	1
3220	286	28	2
3242	333	3	2
3170	34	7	1
3171	594	3	1
3172	169	10	1
1025	266	28	14
3190	115	20	16
3237	421	35	2
3245	15	18	1
3175	201	2	1
3176	168	7	1
3178	178	5	1
3224	397	8	1
3244	377	1	5
3149	6	19	2
3166	75	26	2
3225	261	32	1
3226	600	23	1
3257	436	8	2
3228	135	1	1
3229	601	18	1
3254	68	21	4
3215	249	3	6
3180	581	25	1
3181	289	3	1
3182	581	3	1
3183	580	19	1
3185	309	27	1
3177	322	2	7
3248	548	1	3
3260	301	1	1
3210	258	9	4
3187	282	17	1
3186	92	17	4
3192	330	8	1
3193	116	44	1
3194	595	19	1
3195	596	3	1
4136	698	10	1
1853	85	3	28
3198	95	45	1
3199	597	15	1
3200	598	4	1
3201	225	9	1
3203	119	36	1
3204	599	17	1
3205	267	4	2
3258	75	23	2
3259	577	19	2
3234	342	4	6
1564	88	4	33
3211	301	32	1
3251	219	26	3
3230	299	27	6
1627	248	18	44
3270	303	17	2
3152	431	8	7
3213	431	1	1
2060	262	18	15
3219	155	25	2
3250	162	8	2
3173	169	2	3
3179	77	27	3
3261	301	6	1
3243	423	4	2
3288	313	24	5
3247	569	19	11
3252	540	17	6
3262	89	23	1
3263	294	20	2
27	20	4	648
3264	301	7	2
3212	220	15	5
100	55	3	490
3255	301	17	1
3256	274	33	1
3265	178	21	2
3269	8	32	1
3267	120	32	1
1829	19	7	7
1815	113	21	16
3147	153	4	6
3271	522	20	1
207	102	1	274
3233	190	2	4
3284	132	20	1
841	270	27	8
3273	130	34	2
3274	441	34	2
3278	434	19	9
3276	522	27	2
3277	341	25	2
3272	243	24	4
3279	312	41	2
3280	604	23	2
3281	450	21	2
3286	335	41	1
3287	459	19	1
3285	242	20	5
3289	289	27	1
3290	314	27	1
3291	148	40	1
3246	258	15	3
3196	122	33	2
277	100	8	333
3241	179	29	8
3145	232	36	7
3236	200	1	3
3249	357	8	5
3268	346	33	2
3168	376	18	7
819	262	8	52
3239	602	1	3
661	5	1	66
3206	67	10	4
1245	267	3	71
1770	246	25	8
3191	122	21	3
1402	31	8	50
2004	300	27	8
3162	233	15	2
3174	17	1	3
3148	110	3	12
3231	256	9	2
1203	148	26	17
3266	119	7	4
3235	187	4	8
3209	302	23	3
1513	230	6	58
3240	334	1	5
1833	319	6	13
1828	178	4	12
3227	137	25	5
2768	540	20	12
3189	189	19	3
3151	87	15	8
466	183	3	9
3222	244	24	2
3153	505	4	3
3150	533	1	2
303	102	26	312
3253	372	33	5
3216	244	26	3
3275	603	24	6
3238	56	29	3
3184	137	23	5
3197	125	2	7
3207	68	15	18
550	129	4	136
3292	606	26	1
3293	450	19	1
3295	500	32	1
3300	271	46	1
3301	608	36	1
3302	609	46	1
3303	610	23	1
3304	611	23	1
3306	468	27	1
3307	451	25	1
3308	434	41	1
3309	260	41	1
3310	612	20	1
3311	613	23	1
2282	15	11	4
557	99	3	267
3375	368	19	2
3296	607	20	3
3314	109	8	1
3315	201	5	1
2017	84	1	4
3364	318	15	10
3319	228	47	2
3321	615	3	2
3322	464	10	2
3323	616	5	2
3326	187	6	1
3327	566	7	1
3329	245	1	1
3330	601	26	1
3332	156	21	1
1744	405	15	7
654	163	9	42
478	56	15	105
3410	342	8	1
372	94	5	303
1880	45	4	26
3331	299	28	5
3369	249	27	7
3397	109	1	1
3343	225	29	1
3344	617	6	1
3345	619	15	1
3336	317	29	3
3424	144	25	5
3356	333	2	6
3376	123	4	12
3340	202	15	2
3324	34	15	3
3348	190	7	1
3349	175	30	1
3350	621	7	1
3351	622	15	1
3318	175	15	3
3346	112	30	2
3401	378	11	1
3392	5	9	1
3373	536	3	4
3359	343	10	1
3360	624	31	1
3361	205	10	1
3363	334	30	1
3353	202	30	2
3354	623	4	2
3352	353	29	4
523	113	3	423
3374	276	20	3
3305	295	17	3
1209	156	26	45
3358	206	29	2
3368	216	10	1
3362	625	5	2
3399	292	21	3
3339	617	1	3
3365	626	30	2
3347	620	4	4
535	112	20	78
1622	300	21	46
3370	182	29	2
3367	395	31	2
3372	1	29	2
216	45	8	1244
3379	62	26	1
629	64	4	51
898	133	24	13
3407	87	2	1
3404	299	4	10
3380	121	47	2
3320	614	15	4
3381	615	8	2
244	25	18	154
3382	210	5	2
3394	63	19	1
3317	108	8	3
3408	351	4	1
3384	210	10	1
3412	15	20	1
3355	333	29	7
3414	1	12	2
3337	18	30	23
3395	84	5	1
3413	516	20	1
3342	190	4	8
79	18	3	826
3402	55	18	2
3333	378	18	2
950	95	8	107
3334	299	18	3
3405	69	18	2
3406	628	18	2
3403	627	8	3
127	12	4	317
3398	288	19	8
3396	166	2	2
3378	347	21	6
4	4	2	669
3411	108	4	3
2409	128	26	20
3415	629	12	2
187	97	12	5
3417	27	7	2
3418	594	7	2
3325	584	7	2
1171	4	4	39
3419	290	26	1
3420	630	8	1
3421	130	18	1
3422	286	18	1
3423	136	9	1
3357	377	29	13
3426	293	9	1
1923	110	21	5
3425	264	27	2
3377	363	8	2
3328	202	2	11
3409	121	2	2
3341	618	15	4
3387	576	21	2
3427	150	18	3
3386	128	22	2
2192	487	8	8
26	19	3	196
3391	105	4	4
3393	40	1	3
3388	211	8	4
3316	47	8	8
3371	536	2	7
2037	44	42	4
3389	116	20	6
494	95	19	322
3299	501	32	2
2063	119	18	11
1864	426	5	17
3338	190	29	3
409	55	6	198
3335	323	18	2
3298	242	24	4
275	126	9	11
3400	145	2	3
3416	40	14	3
3294	295	34	7
3390	505	6	2
687	198	4	84
433	82	4	186
3385	334	6	3
3383	61	3	9
3428	536	5	1
3429	180	29	1
3460	168	29	5
3431	3	29	2
3432	602	15	2
3471	376	8	3
3469	185	20	8
3440	2	5	19
3494	639	5	4
3442	632	2	2
3447	634	1	1
3499	49	42	1
3444	24	12	2
3544	646	11	5
3449	112	18	1
3441	169	8	11
1210	260	8	9
1316	94	19	11
3495	465	5	2
3496	89	47	2
3497	640	15	2
3498	615	6	2
3458	54	29	1
3459	635	5	1
3462	325	7	1
3509	134	18	2
3537	412	11	3
3017	182	2	15
3437	324	5	4
1503	171	10	5
3465	233	36	1
3552	133	28	4
3468	540	1	1
3522	261	26	2
3520	162	32	2
3559	190	18	1
2318	317	8	5
3564	162	21	3
1686	398	3	2
428	20	7	298
3556	86	21	8
3473	68	10	1
3525	197	18	1
2328	257	24	17
2315	55	21	8
3474	210	22	2
3475	126	1	2
3476	530	1	2
3477	75	22	2
3478	636	11	2
3543	14	22	5
3480	406	8	2
2018	174	1	20
3501	33	11	2
2386	21	2	24
3548	190	5	2
3528	149	19	3
3482	121	21	2
3483	499	6	2
3504	144	19	1
3486	5	37	1
3484	355	4	2
3485	15	37	2
3523	261	9	3
3489	34	17	1
3490	637	16	1
3491	353	17	1
3492	638	16	1
3529	241	21	2
3530	330	25	2
3493	168	42	1
3502	87	29	4
3503	80	26	3
3505	126	4	1
3506	641	1	1
3467	232	32	6
3481	426	9	4
3507	77	23	1
3563	291	21	4
3512	252	20	1
3513	243	27	1
3514	111	33	1
3515	279	8	1
3516	642	5	1
3551	194	18	1
3567	240	6	7
3518	409	6	2
3526	264	26	9
3533	66	14	4
3535	34	14	1
3540	644	4	2
3534	644	9	2
3536	34	22	1
3549	534	18	1
3541	645	8	2
3542	433	11	2
2497	145	3	4
3434	57	16	9
3547	569	5	1
159	67	3	638
3546	466	21	2
3550	220	3	1
3470	91	4	9
3435	631	6	8
3545	338	5	4
3443	41	12	7
3539	322	4	8
3554	230	3	2
985	306	3	22
3464	93	33	3
3433	179	3	2
3488	163	4	5
526	174	20	357
3453	357	18	2
3558	357	19	2
693	95	15	132
3560	627	5	1
3519	303	32	10
3562	637	34	4
3568	386	20	1
3524	24	26	6
3555	298	19	4
2607	129	5	6
3561	162	17	4
3565	411	34	2
3472	83	19	12
3531	149	8	2
1944	260	21	4
3487	353	9	2
1559	83	25	10
3566	269	8	2
3461	16	15	8
3456	171	1	6
3436	502	2	7
3517	278	6	4
3463	363	1	8
3521	643	23	2
1317	350	3	9
3557	117	20	7
677	229	9	37
3451	153	5	3
1640	49	1	74
3455	12	27	2
3527	245	26	8
3511	117	23	3
1792	300	1	69
3500	199	6	6
3452	12	19	2
3450	110	9	13
1874	221	1	17
3439	324	9	3
3479	445	8	4
3569	241	6	1
3570	302	9	1
3578	65	7	6
1399	317	4	16
3574	293	26	1
3576	231	18	1
3580	306	32	1
3581	388	3	1
3584	303	15	2
3585	648	3	2
3586	502	3	1
3587	147	2	1
3669	55	32	1
3670	656	33	1
3685	21	11	3
3588	325	8	1
3590	536	35	1
3591	649	6	1
3592	176	29	1
3695	157	21	1
3598	423	29	1
3599	602	29	1
3667	636	18	2
3638	8	21	2
3575	270	28	2
3651	532	22	3
1902	196	20	64
3602	462	29	1
3603	43	14	1
3641	48	17	1
3650	111	1	4
3697	119	30	1
3640	5	17	2
3606	96	13	1
3607	223	1	1
3608	359	14	1
3617	119	5	3
3639	651	3	4
3698	493	7	1
3699	177	19	1
3613	187	21	1
3614	494	9	2
3642	364	4	2
913	258	3	98
3615	69	14	2
3643	85	29	2
3616	35	14	1
3594	465	4	2
3644	46	6	2
3672	64	31	2
2325	411	32	4
3620	334	11	1
3619	100	29	2
3635	234	4	7
3621	325	23	1
3646	171	29	1
3623	211	11	2
3647	652	4	1
3624	170	8	1
3625	45	7	1
3626	175	17	1
3627	475	16	1
3673	207	11	2
3579	647	4	14
1509	114	18	84
3648	178	29	1
3649	334	10	1
158	14	4	840
371	45	18	84
3700	658	15	1
3572	295	25	2
3583	141	3	2
3704	192	16	1
3690	227	8	1
3313	260	26	6
3631	253	1	4
3629	534	8	3
3634	262	3	1
3636	53	4	1
1287	54	14	11
743	3	15	99
62	41	11	34
3653	126	13	2
3654	653	9	2
3655	654	9	2
3656	96	8	2
3632	267	23	4
3659	318	19	1
3660	655	15	1
3658	278	4	2
3662	261	3	1
3675	275	11	1
3661	302	32	2
3684	71	18	4
3664	113	26	1
3665	467	25	1
3666	45	22	1
1429	283	11	4
3652	392	11	3
3692	584	4	1
3686	3	26	2
2173	61	7	10
3676	363	5	4
3612	384	9	7
3679	348	8	4
3678	117	6	1
3677	565	15	3
3696	425	4	2
3693	569	7	1
1321	184	4	19
352	64	9	217
3600	178	10	4
3683	566	3	3
3694	176	30	6
174	90	6	42
3680	348	3	6
3688	112	1	1
3622	25	4	9
3674	79	8	6
3701	338	23	2
3604	650	12	2
780	106	18	368
3703	141	2	2
3601	90	18	9
3705	631	17	1
695	125	1	115
1164	298	18	109
3706	514	17	2
3707	226	17	3
3708	234	2	2
2859	117	19	12
3637	6	4	2
3712	659	23	1
3702	309	3	6
3710	241	8	3
3711	307	25	2
3709	368	16	3
3713	148	34	4
2321	285	34	5
3691	657	2	2
3611	49	12	7
3610	485	12	3
918	129	21	172
1735	331	5	4
3682	64	6	3
2240	317	2	13
3595	353	4	2
3589	353	2	16
3571	400	18	3
3668	303	33	3
2858	50	21	18
3630	93	18	3
3687	92	2	4
3681	84	2	6
3597	343	29	5
3689	300	28	2
2973	418	3	9
3628	44	2	3
999	81	18	135
3671	81	22	4
1362	360	1	7
3605	28	12	4
3633	174	5	3
3553	273	19	4
3663	302	15	5
3618	532	18	3
3582	338	1	12
3577	21	3	2
3657	350	15	6
3573	284	23	2
2324	134	32	3
3715	659	20	1
1091	6	8	31
3716	284	26	2
1780	245	25	42
3720	53	21	1
3763	104	10	3
3722	241	34	1
3725	230	34	1
3726	221	20	1
3727	91	24	1
3729	139	24	1
534	174	15	123
3745	582	28	2
4227	84	33	1
4225	65	15	5
3721	322	15	2
4140	239	12	1
3738	74	22	1
3736	445	31	2
3737	331	18	2
4109	119	2	7
3742	636	26	1
3743	413	5	1
3740	145	23	2
3744	292	9	1
3746	134	2	1
3747	243	15	1
875	89	6	90
195	99	8	376
1831	89	4	52
4197	120	27	1
3750	421	4	1
3749	85	15	3
1064	225	35	4
3751	421	33	1
3752	408	7	1
3753	473	6	1
3754	159	15	1
3755	431	7	1
2116	109	3	6
4198	251	27	1
3756	281	2	1
3757	486	2	1
3758	281	8	1
1919	145	18	28
3759	564	3	1
3760	112	16	1
3761	507	6	1
583	210	4	13
3765	194	25	1
3766	146	34	1
3767	391	25	1
3770	414	9	1
3771	116	23	1
3772	269	3	1
3773	118	22	1
3774	526	17	1
3775	660	34	1
3776	468	33	1
3777	661	32	1
262	120	15	506
264	56	20	117
4200	338	26	1
1784	326	9	26
4199	487	26	2
4141	19	20	3
4201	245	20	2
1053	16	3	15
4202	241	32	2
4241	51	3	7
3933	296	25	2
1385	363	3	5
4203	490	23	1
3728	266	27	3
4221	145	19	1
3741	141	22	2
86	49	9	152
749	19	2	70
4206	503	15	4
4204	124	5	1
3733	108	5	4
4207	591	6	4
1005	137	18	60
4208	590	19	4
240	45	5	327
3714	500	25	5
2457	145	4	19
3735	147	4	5
242	80	9	577
3718	91	3	2
1218	315	25	12
194	95	4	337
692	113	4	190
2024	100	3	9
1526	41	9	21
3739	70	18	8
1068	18	1	32
4226	409	15	4
1191	335	23	98
2198	146	19	20
3724	257	20	13
3719	66	20	4
4137	182	5	1
4220	255	8	4
4138	61	25	1
3094	345	3	2
3717	292	18	2
17	13	8	583
4210	185	18	1
1027	247	8	64
3438	221	4	6
2588	131	34	16
4239	100	10	4
70	44	1	262
3768	265	3	2
3762	31	1	9
255	118	4	665
2025	322	3	15
4209	153	3	1
4222	93	9	2
4223	235	11	2
2381	75	4	17
1037	118	26	41
4224	703	9	2
2987	14	19	23
2907	182	6	26
2424	25	11	11
3125	16	20	4
4233	386	4	1
3730	254	20	2
4228	139	6	2
4229	326	4	1
4230	704	21	1
4139	151	3	2
4234	671	21	1
4231	412	3	2
4232	705	25	2
4235	412	49	1
98	1	4	184
4244	347	1	1
1755	88	2	15
2026	95	18	28
4238	91	21	1
4237	330	20	2
4242	111	36	1
4240	46	19	1
986	152	3	69
1614	261	19	22
3723	132	8	14
339	94	26	106
2656	125	19	5
4243	706	17	1
3778	540	33	3
4245	141	4	2
397	172	9	46
212	105	9	94
4196	124	2	3
3731	211	5	4
4205	123	17	4
296	137	27	143
4236	18	18	5
939	154	18	49
759	133	3	33
3732	200	10	4
3769	435	25	3
201	1	8	370
1137	216	11	7
3764	82	10	6
3734	80	3	6
728	27	1	30
199	100	18	657
3748	240	15	3
4347	447	27	1
1537	95	1	21
940	144	1	51
4246	54	26	2
4248	559	3	1
4247	75	6	2
3283	605	23	11
4249	95	9	1
4251	211	10	1
1664	19	30	6
4253	559	6	1
4256	17	2	1
998	156	1	63
4254	177	8	3
4255	632	4	4
3457	159	11	3
4258	95	5	1
4259	200	7	1
4319	426	18	1
15	12	1	692
4260	19	11	1
4348	349	18	1
1481	63	21	71
4320	122	1	1
4349	144	20	1
3538	445	18	6
4350	565	24	1
4261	298	20	1
4262	367	19	1
4263	82	29	1
2377	143	28	2
4267	128	6	1
4266	152	6	2
1279	51	8	15
4342	443	27	2
4295	110	10	4
2559	66	26	2
4296	101	8	4
2417	5	2	13
3019	48	2	22
868	191	33	42
4297	41	3	3
4270	50	26	2
4268	338	3	5
4269	387	1	5
471	15	1	182
492	56	8	310
4272	364	6	1
4273	183	4	1
4271	16	1	2
4275	280	3	1
4276	59	4	1
4277	508	2	1
4278	708	1	1
394	170	3	15
4279	187	33	1
4280	709	6	1
4281	79	29	1
4321	133	18	2
4283	343	2	3
4322	273	24	1
4300	70	11	1
2274	147	5	15
307	141	26	211
4323	289	23	1
4284	505	32	2
4285	232	19	1
4286	93	36	1
4287	385	9	1
4288	371	4	1
4327	197	27	1
1977	315	26	3
1432	225	3	27
4351	443	18	1
4328	114	41	1
4301	22	18	1
403	60	10	364
4302	710	5	1
243	106	11	309
4304	83	3	5
4289	111	35	2
4257	407	8	2
4325	306	25	4
4326	135	24	2
4133	220	20	4
4290	330	6	2
815	261	21	161
4306	201	21	1
4292	190	1	1
4291	421	3	3
4250	68	1	3
4305	365	4	2
4307	61	19	2
4293	178	15	1
846	133	8	103
4324	132	23	3
4298	31	3	3
4294	153	9	2
4308	334	5	2
4330	612	23	1
261	20	19	701
4309	395	30	1
4310	711	29	1
4311	680	4	1
4312	202	10	1
4313	624	5	1
3366	343	11	4
4282	201	29	4
1723	343	1	19
4317	213	10	1
562	201	4	32
4318	46	31	1
4315	212	30	2
4316	712	2	2
569	204	1	13
1193	133	23	54
4333	609	25	1
4334	442	25	1
4335	134	36	1
4336	676	46	1
4337	610	21	1
4338	714	21	1
4339	511	20	1
4332	713	36	3
2531	243	19	9
4329	518	23	2
3312	132	24	4
666	178	8	31
4354	459	21	1
1320	105	1	70
4343	265	27	1
4344	487	18	1
4345	388	40	1
4346	456	26	1
4356	148	41	1
1076	6	3	69
4369	312	32	2
4358	271	41	1
4359	716	19	1
757	242	23	19
4360	609	34	2
4365	612	34	2
3282	449	19	10
4361	313	46	2
4340	287	41	3
4341	242	18	3
214	53	18	228
1020	197	24	3
4370	271	27	1
4371	720	8	1
4362	717	32	2
4363	718	23	2
4368	612	21	2
4366	719	24	2
4367	287	32	2
4364	308	41	4
4355	715	25	3
4357	251	25	2
4264	244	9	2
4265	707	18	2
824	249	21	47
1629	153	18	56
4353	139	41	2
4303	32	8	5
393	169	6	69
2463	169	7	11
525	121	6	238
973	148	3	41
4252	83	18	2
1557	287	19	31
1626	323	26	13
4314	216	5	3
4274	486	4	3
609	152	4	206
4299	62	6	3
4372	295	32	1
4373	607	34	1
4331	290	46	3
136	25	9	292
3532	135	20	2
4376	288	23	1
4352	103	28	2
4455	290	34	1
4379	259	27	1
4380	487	27	1
4378	302	27	2
4381	250	23	1
3508	252	24	3
4382	198	24	1
4384	56	32	1
4385	600	19	1
4383	307	20	2
4414	632	7	8
2400	506	9	2
4386	186	8	3
4387	406	11	1
3454	406	5	5
1704	52	9	23
4430	406	2	4
1753	9	2	11
342	160	21	178
1778	245	19	3
744	63	20	28
4456	500	24	1
4457	522	34	1
751	118	25	364
4490	249	5	1
783	117	27	109
1808	258	25	11
4459	522	32	1
694	115	7	3
4482	590	32	1
4460	272	32	1
1623	267	26	73
4388	152	28	1
4461	272	34	1
4443	357	3	1
4458	440	24	2
4389	106	20	1
4390	721	23	1
2040	1	5	31
4393	155	32	1
4394	723	24	1
4395	256	34	1
4396	724	20	1
4397	188	20	1
4391	268	24	2
4392	722	19	2
4398	435	8	1
4400	36	1	1
3448	359	9	4
4399	360	14	2
3609	72	1	6
4402	31	29	1
4403	159	12	1
4445	317	20	1
4404	172	31	1
4406	634	48	1
4407	725	13	1
4408	634	12	1
4409	30	11	1
2176	119	20	5
4410	25	31	1
4405	331	12	2
1708	40	10	8
3445	26	48	3
3446	633	13	3
4411	634	10	1
4412	726	1	1
4413	45	12	1
4444	430	21	2
4401	187	14	2
4462	522	24	1
4431	198	9	1
4432	332	18	1
4433	627	26	1
4415	190	9	1
4424	228	35	4
4183	700	9	2
4417	407	3	1
4416	22	8	2
4418	407	2	1
4473	144	4	2
4463	501	21	1
2769	294	19	4
57	40	9	38
1433	123	15	18
4446	501	24	9
4421	424	35	1
4419	402	6	2
4420	619	6	2
3430	89	29	4
4474	298	6	1
4422	228	29	1
4423	617	3	1
1846	423	15	7
4475	183	19	1
548	77	1	261
4476	94	10	1
717	56	4	186
4425	424	3	1
4426	417	35	1
4427	424	29	1
4428	727	2	1
4429	423	7	2
3062	10	6	7
1750	322	1	44
948	113	20	46
1389	17	3	5
4447	440	34	1
847	149	26	125
4434	48	7	3
4477	101	11	1
4448	500	34	4
4449	500	20	1
4450	391	34	1
4465	154	32	1
4466	728	6	1
4451	133	41	1
4435	626	7	1
4436	107	2	1
4437	324	37	1
4438	200	30	1
3466	95	32	2
4439	346	15	1
4440	648	15	1
4452	130	24	1
4467	135	9	1
4441	436	5	1
4442	366	5	1
323	117	21	198
1114	268	25	6
4468	301	50	1
4469	729	32	1
293	117	25	107
4453	501	18	1
4470	730	6	1
4478	147	27	1
4454	605	41	1
4493	256	2	1
4464	149	1	2
4471	325	25	1
4472	235	25	1
4480	590	23	1
4481	731	15	1
4479	113	17	2
4483	138	2	1
4484	732	8	1
4485	12	23	1
4486	252	26	1
4487	146	15	1
2933	132	15	3
93	54	1	110
4488	107	40	1
4489	457	8	1
1407	20	21	86
4491	733	18	1
4492	434	21	1
696	115	8	56
4494	734	8	1
4495	188	5	1
4377	268	28	2
4497	333	10	2
1926	159	4	13
4498	624	4	2
4496	46	2	4
120	63	5	236
318	135	21	71
4375	287	24	3
328	135	8	66
2572	150	27	4
836	268	9	34
2289	268	26	27
4499	536	10	2
4500	624	29	2
4501	652	2	2
4551	160	20	2
4552	102	24	2
370	64	1	389
4627	63	9	1
4555	11	6	1
4556	183	1	1
4557	159	17	1
4558	742	3	1
4553	59	16	2
2088	316	3	9
2105	227	3	4
4502	107	20	1
4554	364	7	2
1069	222	1	3
4503	80	14	2
4504	165	22	2
4505	392	1	2
4506	530	8	2
1288	69	12	4
621	24	9	37
4507	364	9	1
2044	433	9	8
4508	2	16	1
4150	196	16	2
4151	193	15	2
4559	11	8	1
4509	561	19	1
4510	631	20	1
4152	195	16	5
4599	113	25	2
4511	416	5	1
4512	114	2	2
4513	261	4	2
952	176	15	36
4563	441	8	1
4564	482	26	1
4565	139	36	1
4566	676	17	1
4560	539	34	2
4561	468	32	2
3297	294	24	5
4514	20	29	2
3593	602	4	3
4518	467	8	2
4515	122	32	1
4562	295	36	2
4567	441	9	1
4568	743	18	1
4602	291	25	1
4603	230	5	1
4604	384	2	1
4516	188	19	1
4517	429	26	1
1693	299	1	40
2454	487	21	3
4569	77	25	2
4608	59	6	2
4606	195	35	4
4570	45	13	1
4590	536	30	3
760	152	21	38
4582	623	29	6
4629	348	20	3
4571	144	22	1
4572	492	22	1
4573	524	18	1
4519	6	15	1
4591	680	2	4
4592	179	30	2
4520	27	13	1
4593	623	30	1
4607	746	6	4
4525	315	41	1
4526	737	19	1
4527	469	19	1
4528	405	23	1
4529	243	41	1
4530	612	3	1
4531	738	21	1
4374	314	19	4
4521	313	34	2
4522	735	24	2
4523	522	36	2
4524	736	34	2
4532	468	46	1
4533	713	20	1
4534	739	24	1
4535	242	34	1
4536	441	19	1
4537	531	24	1
4540	740	1	1
4541	414	26	1
4542	459	23	1
4543	450	24	1
2258	347	25	6
4538	263	40	2
4539	456	28	2
4544	740	5	1
4545	741	18	1
4546	139	1	1
4547	57	33	1
4609	178	11	1
4594	744	30	3
4548	488	3	1
4549	63	28	1
838	81	26	82
4574	106	2	2
997	246	18	47
4550	139	9	1
4576	206	11	1
4595	744	4	1
4577	186	12	1
1136	40	31	3
4578	206	31	1
4579	208	11	1
4575	79	11	3
4580	186	4	1
1274	211	2	8
3596	19	29	3
4581	333	30	2
4610	88	11	1
4583	680	29	2
4584	343	30	1
4585	623	15	1
4586	626	6	1
4587	214	7	1
4588	622	30	1
4589	621	4	1
320	150	3	350
1703	20	1	78
21	15	6	5
4596	123	9	1
4605	430	8	1
282	65	18	212
4611	698	9	1
3997	2	20	3
4600	261	20	1
4601	122	25	1
4597	273	15	2
4598	745	19	2
4616	17	6	1
3869	355	8	3
4612	286	23	1
4613	146	21	1
16	13	2	259
1008	145	26	99
4614	252	27	1
4615	259	23	1
4619	330	21	2
4617	14	7	1
4618	647	7	1
1946	160	28	5
1	1	3	470
1098	111	16	10
19	14	2	849
3510	113	23	3
1226	260	19	53
4620	75	11	3
4621	15	19	1
4622	2	11	1
4623	433	2	1
4624	51	18	1
4625	7	18	1
4626	120	2	1
1085	111	20	72
311	145	25	154
2429	197	6	55
552	197	21	71
4628	357	21	2
250	4	21	425
825	129	25	114
2021	84	19	99
966	13	21	147
292	134	8	190
361	60	8	496
\.


--
-- Name: outcomes_outcome_id_seq; Type: SEQUENCE SET; Schema: public; Owner: vagrant
--

SELECT pg_catalog.setval('outcomes_outcome_id_seq', 4629, true);


--
-- Data for Name: users; Type: TABLE DATA; Schema: public; Owner: vagrant
--

COPY users (user_id, first_name, last_name, email, password, profile_img) FROM stdin;
1	Jacqui	Watts	jacqui@test.org	test	https://scontent.fsjc1-3.fna.fbcdn.net/v/t1.0-1/p320x320/12928314_10103831599186320_7570467518951458496_n.jpg?oh=e4b5b293c0d2716a38a2294070bc2e5a&oe=58D1759E
2	Zoe	Watts	zoe@test.org	test	https://scontent.fsjc1-3.fna.fbcdn.net/l/t31.0-8/12715867_974207742672918_8018653577152190566_o.jpg
\.


--
-- Name: users_user_id_seq; Type: SEQUENCE SET; Schema: public; Owner: vagrant
--

SELECT pg_catalog.setval('users_user_id_seq', 2, true);


--
-- Name: connections_pkey; Type: CONSTRAINT; Schema: public; Owner: vagrant
--

ALTER TABLE ONLY connections
    ADD CONSTRAINT connections_pkey PRIMARY KEY (connection_id);


--
-- Name: genres_pkey; Type: CONSTRAINT; Schema: public; Owner: vagrant
--

ALTER TABLE ONLY genres
    ADD CONSTRAINT genres_pkey PRIMARY KEY (genre_id);


--
-- Name: likes_pkey; Type: CONSTRAINT; Schema: public; Owner: vagrant
--

ALTER TABLE ONLY likes
    ADD CONSTRAINT likes_pkey PRIMARY KEY (like_id);


--
-- Name: markovs_pkey; Type: CONSTRAINT; Schema: public; Owner: vagrant
--

ALTER TABLE ONLY markovs
    ADD CONSTRAINT markovs_pkey PRIMARY KEY (markov_id);


--
-- Name: melodies_genres_pkey; Type: CONSTRAINT; Schema: public; Owner: vagrant
--

ALTER TABLE ONLY melodies_genres
    ADD CONSTRAINT melodies_genres_pkey PRIMARY KEY (melodygenre_id);


--
-- Name: melodies_pkey; Type: CONSTRAINT; Schema: public; Owner: vagrant
--

ALTER TABLE ONLY melodies
    ADD CONSTRAINT melodies_pkey PRIMARY KEY (melody_id);


--
-- Name: melody_notes_pkey; Type: CONSTRAINT; Schema: public; Owner: vagrant
--

ALTER TABLE ONLY melody_notes
    ADD CONSTRAINT melody_notes_pkey PRIMARY KEY (melodynote_id);


--
-- Name: notes_pkey; Type: CONSTRAINT; Schema: public; Owner: vagrant
--

ALTER TABLE ONLY notes
    ADD CONSTRAINT notes_pkey PRIMARY KEY (note_id);


--
-- Name: outcomes_pkey; Type: CONSTRAINT; Schema: public; Owner: vagrant
--

ALTER TABLE ONLY outcomes
    ADD CONSTRAINT outcomes_pkey PRIMARY KEY (outcome_id);


--
-- Name: users_pkey; Type: CONSTRAINT; Schema: public; Owner: vagrant
--

ALTER TABLE ONLY users
    ADD CONSTRAINT users_pkey PRIMARY KEY (user_id);


--
-- Name: connections_follower_user_id_fkey; Type: FK CONSTRAINT; Schema: public; Owner: vagrant
--

ALTER TABLE ONLY connections
    ADD CONSTRAINT connections_follower_user_id_fkey FOREIGN KEY (follower_user_id) REFERENCES users(user_id);


--
-- Name: connections_following_user_id_fkey; Type: FK CONSTRAINT; Schema: public; Owner: vagrant
--

ALTER TABLE ONLY connections
    ADD CONSTRAINT connections_following_user_id_fkey FOREIGN KEY (following_user_id) REFERENCES users(user_id);


--
-- Name: likes_melody_id_fkey; Type: FK CONSTRAINT; Schema: public; Owner: vagrant
--

ALTER TABLE ONLY likes
    ADD CONSTRAINT likes_melody_id_fkey FOREIGN KEY (melody_id) REFERENCES melodies(melody_id);


--
-- Name: likes_user_id_fkey; Type: FK CONSTRAINT; Schema: public; Owner: vagrant
--

ALTER TABLE ONLY likes
    ADD CONSTRAINT likes_user_id_fkey FOREIGN KEY (user_id) REFERENCES users(user_id);


--
-- Name: markovs_first_note_id_fkey; Type: FK CONSTRAINT; Schema: public; Owner: vagrant
--

ALTER TABLE ONLY markovs
    ADD CONSTRAINT markovs_first_note_id_fkey FOREIGN KEY (first_note_id) REFERENCES notes(note_id);


--
-- Name: markovs_genre_id_fkey; Type: FK CONSTRAINT; Schema: public; Owner: vagrant
--

ALTER TABLE ONLY markovs
    ADD CONSTRAINT markovs_genre_id_fkey FOREIGN KEY (genre_id) REFERENCES genres(genre_id);


--
-- Name: markovs_second_note_id_fkey; Type: FK CONSTRAINT; Schema: public; Owner: vagrant
--

ALTER TABLE ONLY markovs
    ADD CONSTRAINT markovs_second_note_id_fkey FOREIGN KEY (second_note_id) REFERENCES notes(note_id);


--
-- Name: melodies_genres_genre_id_fkey; Type: FK CONSTRAINT; Schema: public; Owner: vagrant
--

ALTER TABLE ONLY melodies_genres
    ADD CONSTRAINT melodies_genres_genre_id_fkey FOREIGN KEY (genre_id) REFERENCES genres(genre_id);


--
-- Name: melodies_genres_melody_id_fkey; Type: FK CONSTRAINT; Schema: public; Owner: vagrant
--

ALTER TABLE ONLY melodies_genres
    ADD CONSTRAINT melodies_genres_melody_id_fkey FOREIGN KEY (melody_id) REFERENCES melodies(melody_id);


--
-- Name: melodies_user_id_fkey; Type: FK CONSTRAINT; Schema: public; Owner: vagrant
--

ALTER TABLE ONLY melodies
    ADD CONSTRAINT melodies_user_id_fkey FOREIGN KEY (user_id) REFERENCES users(user_id);


--
-- Name: melody_notes_melody_id_fkey; Type: FK CONSTRAINT; Schema: public; Owner: vagrant
--

ALTER TABLE ONLY melody_notes
    ADD CONSTRAINT melody_notes_melody_id_fkey FOREIGN KEY (melody_id) REFERENCES melodies(melody_id);


--
-- Name: melody_notes_note_id_fkey; Type: FK CONSTRAINT; Schema: public; Owner: vagrant
--

ALTER TABLE ONLY melody_notes
    ADD CONSTRAINT melody_notes_note_id_fkey FOREIGN KEY (note_id) REFERENCES notes(note_id);


--
-- Name: outcomes_markov_id_fkey; Type: FK CONSTRAINT; Schema: public; Owner: vagrant
--

ALTER TABLE ONLY outcomes
    ADD CONSTRAINT outcomes_markov_id_fkey FOREIGN KEY (markov_id) REFERENCES markovs(markov_id);


--
-- Name: outcomes_note_id_fkey; Type: FK CONSTRAINT; Schema: public; Owner: vagrant
--

ALTER TABLE ONLY outcomes
    ADD CONSTRAINT outcomes_note_id_fkey FOREIGN KEY (note_id) REFERENCES notes(note_id);


--
-- Name: public; Type: ACL; Schema: -; Owner: postgres
--

REVOKE ALL ON SCHEMA public FROM PUBLIC;
REVOKE ALL ON SCHEMA public FROM postgres;
GRANT ALL ON SCHEMA public TO postgres;
GRANT ALL ON SCHEMA public TO PUBLIC;


--
-- PostgreSQL database dump complete
--

